{
  "custom": {},
  "params": {},
  "props": {},
  "root": {
    "children": [
      {
        "meta": {
          "name": "Component A"
        },
        "position": {
          "height": 0.1675,
          "width": 0.1725,
          "x": 0.03,
          "y": 0.1653
        },
        "props": {
          "params": {
            "label": " ",
            "styleClass": "layouts/gray-60"
          },
          "path": "Layouts/Framework/Container Label"
        },
        "type": "ia.display.view"
      },
      {
        "meta": {
          "name": "Component B"
        },
        "position": {
          "height": 0.28,
          "width": 0.2425,
          "x": 0.3787,
          "y": 0.1084
        },
        "props": {
          "params": {
            "label": " ",
            "styleClass": "layouts/gray-60"
          },
          "path": "Layouts/Framework/Container Label"
        },
        "type": "ia.display.view"
      },
      {
        "meta": {
          "name": "Component C"
        },
        "position": {
          "height": 0.0912,
          "width": 0.1675,
          "x": 0.7606,
          "y": 0.2028
        },
        "props": {
          "params": {
            "label": " ",
            "styleClass": "layouts/gray-60"
          },
          "path": "Layouts/Framework/Container Label"
        },
        "type": "ia.display.view"
      },
      {
        "meta": {
          "name": "Label A"
        },
        "position": {
          "height": 0.05,
          "width": 0.1,
          "x": 0.0656,
          "y": 0.3478
        },
        "props": {
          "params": {
            "label": "a",
            "styleClass": "layouts/container-A"
          },
          "path": "Layouts/Framework/Container Label"
        },
        "type": "ia.display.view"
      },
      {
        "meta": {
          "name": "Label B"
        },
        "position": {
          "height": 0.05,
          "width": 0.1,
          "x": 0.4494,
          "y": 0.4103
        },
        "props": {
          "params": {
            "label": "b",
            "styleClass": "layouts/container-B"
          },
          "path": "Layouts/Framework/Container Label"
        },
        "type": "ia.display.view"
      },
      {
        "meta": {
          "name": "Label C"
        },
        "position": {
          "height": 0.05,
          "width": 0.1,
          "x": 0.7937,
          "y": 0.3078
        },
        "props": {
          "params": {
            "label": "c",
            "styleClass": "layouts/container-C"
          },
          "path": "Layouts/Framework/Container Label"
        },
        "type": "ia.display.view"
      },
      {
        "meta": {
          "name": "Connector 2"
        },
        "position": {
          "height": 0.02,
          "width": 0.1775,
          "x": 0.2019,
          "y": 0.2391
        },
        "props": {
          "params": {
            "label": "",
            "styleClass": "layouts/gray-100"
          },
          "path": "Layouts/Framework/Container Label"
        },
        "type": "ia.display.view"
      },
      {
        "meta": {
          "name": "Connector 3"
        },
        "position": {
          "height": 0.02,
          "width": 0.14,
          "x": 0.6206,
          "y": 0.2391
        },
        "props": {
          "params": {
            "label": "",
            "styleClass": "layouts/gray-100"
          },
          "path": "Layouts/Framework/Container Label"
        },
        "type": "ia.display.view"
      },
      {
        "meta": {
          "name": "Component D"
        },
        "position": {
          "height": 0.105,
          "width": 0.9475,
          "x": 0.0294,
          "y": 0.7228
        },
        "props": {
          "params": {
            "label": " ",
            "styleClass": "layouts/gray-60"
          },
          "path": "Layouts/Framework/Container Label"
        },
        "type": "ia.display.view"
      },
      {
        "meta": {
          "name": "Label D"
        },
        "position": {
          "height": 0.05,
          "width": 0.1,
          "x": 0.45,
          "y": 0.8416
        },
        "props": {
          "params": {
            "label": "d",
            "styleClass": "layouts/container-D"
          },
          "path": "Layouts/Framework/Container Label"
        },
        "type": "ia.display.view"
      },
      {
        "meta": {
          "name": "Connector 4"
        },
        "position": {
          "height": 0.02,
          "width": 0.0725,
          "x": 0.9275,
          "y": 0.2391
        },
        "props": {
          "params": {
            "label": "",
            "styleClass": "layouts/gray-100"
          },
          "path": "Layouts/Framework/Container Label"
        },
        "type": "ia.display.view"
      },
      {
        "meta": {
          "name": "Connector 1"
        },
        "position": {
          "height": 0.02,
          "width": 0.03,
          "y": 0.2391
        },
        "props": {
          "params": {
            "label": "",
            "styleClass": "layouts/gray-100"
          },
          "path": "Layouts/Framework/Container Label"
        },
        "type": "ia.display.view"
      }
    ],
    "meta": {
      "name": "root"
    },
    "propConfig": {
      "props.mode": {
        "persistent": true
      }
    },
    "props": {
      "mode": "percent"
    },
    "type": "ia.container.coord"
  }
}