{
  "custom": {},
  "params": {},
  "propConfig": {
    "params.feature": {
      "paramDirection": "input"
    },
    "params.key": {
      "paramDirection": "input"
    },
    "params.tier1": {
      "paramDirection": "input"
    },
    "params.tier2": {
      "paramDirection": "input"
    }
  },
  "props": {
    "defaultSize": {
      "height": 813
    }
  },
  "root": {
    "children": [
      {
        "children": [
          {
            "children": [
              {
                "meta": {
                  "name": "Events"
                },
                "position": {
                  "shrink": 0
                },
                "props": {
                  "style": {
                    "classes": "framework/hyperlink",
                    "fontSize": "20px"
                  },
                  "target": "tab",
                  "text": "Events",
                  "url": "https://links.inductiveautomation.com/81-perspective-event-types"
                },
                "type": "ia.navigation.link"
              },
              {
                "meta": {
                  "name": "And"
                },
                "position": {
                  "shrink": 0
                },
                "props": {
                  "alignVertical": "top",
                  "style": {
                    "fontSize": "20px",
                    "fontWeight": "600",
                    "marginLeft": "7px",
                    "marginRight": "7px"
                  },
                  "text": "and"
                },
                "type": "ia.display.label"
              },
              {
                "meta": {
                  "name": "Actions"
                },
                "position": {
                  "shrink": 0
                },
                "props": {
                  "style": {
                    "classes": "framework/hyperlink",
                    "fontSize": "20px"
                  },
                  "target": "tab",
                  "text": "Actions",
                  "url": "https://links.inductiveautomation.com/81-component-events-and-actions"
                },
                "type": "ia.navigation.link"
              }
            ],
            "meta": {
              "name": "Title"
            },
            "position": {
              "basis": "36px",
              "shrink": 0
            },
            "type": "ia.container.flex"
          },
          {
            "meta": {
              "name": "Description"
            },
            "position": {
              "shrink": 0
            },
            "props": {
              "source": "In Perspective, events and actions are some of the fundamental building blocks of project functionality. Events give you the ability to respond to specific user inputs, component-specific events, and broad session events. An action is what you set up to respond to those events, and can include navigating, opening a popup, or a running a custom script.",
              "style": {
                "marginBottom": "10px"
              }
            },
            "type": "ia.display.markdown"
          },
          {
            "children": [
              {
                "children": [
                  {
                    "meta": {
                      "name": "Heading"
                    },
                    "position": {
                      "basis": "32px"
                    },
                    "props": {
                      "style": {
                        "fontSize": "16px",
                        "fontWeight": "bold",
                        "marginBottom": "10px",
                        "textAlign": "center"
                      },
                      "text": "Button Example"
                    },
                    "type": "ia.display.label"
                  },
                  {
                    "meta": {
                      "name": "Event Type"
                    },
                    "position": {
                      "basis": "20px",
                      "shrink": 0
                    },
                    "props": {
                      "style": {
                        "fontSize": "80%",
                        "textAlign": "center"
                      },
                      "target": "tab",
                      "text": "event: onActionPerformed",
                      "url": "https://links.inductiveautomation.com/81-action-performed-event"
                    },
                    "type": "ia.navigation.link"
                  },
                  {
                    "meta": {
                      "name": "Action"
                    },
                    "position": {
                      "basis": "30px",
                      "shrink": 0
                    },
                    "props": {
                      "style": {
                        "fontSize": "80%",
                        "lineHeight": "30px",
                        "textAlign": "center"
                      },
                      "text": "action: Dock (Toggle)"
                    },
                    "type": "ia.display.label"
                  },
                  {
                    "events": {
                      "component": {
                        "onActionPerformed": {
                          "config": {
                            "id": "Menu",
                            "type": "toggle"
                          },
                          "scope": "C",
                          "type": "dock"
                        }
                      }
                    },
                    "meta": {
                      "name": "Button"
                    },
                    "position": {
                      "basis": "40px",
                      "shrink": 0
                    },
                    "props": {
                      "image": {
                        "icon": {
                          "path": "material/menu"
                        }
                      },
                      "style": {
                        "margin": "10px"
                      },
                      "text": "Menu Toggle"
                    },
                    "type": "ia.input.button"
                  }
                ],
                "meta": {
                  "name": "Button Dock"
                },
                "position": {
                  "basis": "300px",
                  "shrink": 0
                },
                "props": {
                  "alignContent": "flex-start",
                  "direction": "column",
                  "style": {
                    "borderColor": "var(--neutral-50)",
                    "borderStyle": "solid",
                    "borderWidth": "2px",
                    "height": "160px",
                    "marginBottom": "20px",
                    "overflow": "visible"
                  }
                },
                "type": "ia.container.flex"
              },
              {
                "children": [
                  {
                    "meta": {
                      "name": "Heading"
                    },
                    "position": {
                      "basis": "32px"
                    },
                    "props": {
                      "style": {
                        "fontSize": "16px",
                        "fontWeight": "bold",
                        "marginBottom": "10px",
                        "textAlign": "center"
                      },
                      "text": "Text Example"
                    },
                    "type": "ia.display.label"
                  },
                  {
                    "meta": {
                      "name": "Event Type"
                    },
                    "position": {
                      "basis": "20px",
                      "shrink": 0
                    },
                    "props": {
                      "style": {
                        "fontSize": "80%",
                        "textAlign": "center"
                      },
                      "target": "tab",
                      "text": "event: onKeyPress",
                      "url": "https://links.inductiveautomation.com/81-keyboard-events"
                    },
                    "type": "ia.navigation.link"
                  },
                  {
                    "meta": {
                      "name": "Action"
                    },
                    "position": {
                      "basis": "30px",
                      "shrink": 0
                    },
                    "props": {
                      "style": {
                        "fontSize": "80%",
                        "lineHeight": "30px",
                        "textAlign": "center"
                      },
                      "text": "action: Script (Last Key)"
                    },
                    "type": "ia.display.label"
                  },
                  {
                    "events": {
                      "dom": {
                        "onKeyPress": {
                          "config": {
                            "script": "\tself.props.text \u003d event.key"
                          },
                          "scope": "G",
                          "type": "script"
                        }
                      }
                    },
                    "meta": {
                      "name": "Text Field"
                    },
                    "position": {
                      "basis": "32px"
                    },
                    "props": {
                      "deferUpdates": false,
                      "placeholder": "Type here...",
                      "rejectUpdatesWhileFocused": false,
                      "style": {
                        "margin": "10px"
                      }
                    },
                    "type": "ia.input.text-field"
                  }
                ],
                "meta": {
                  "name": "Text"
                },
                "position": {
                  "basis": "300px",
                  "shrink": 0
                },
                "props": {
                  "alignContent": "flex-start",
                  "direction": "column",
                  "style": {
                    "borderColor": "var(--neutral-50)",
                    "borderStyle": "solid",
                    "borderWidth": "2px",
                    "height": "160px",
                    "marginBottom": "20px",
                    "overflow": "visible"
                  }
                },
                "type": "ia.container.flex"
              },
              {
                "children": [
                  {
                    "meta": {
                      "name": "Heading"
                    },
                    "position": {
                      "basis": "32px"
                    },
                    "props": {
                      "style": {
                        "fontSize": "16px",
                        "fontWeight": "bold",
                        "marginBottom": "10px",
                        "textAlign": "center"
                      },
                      "text": "Table Example"
                    },
                    "type": "ia.display.label"
                  },
                  {
                    "meta": {
                      "name": "Event Type"
                    },
                    "position": {
                      "basis": "20px",
                      "shrink": 0
                    },
                    "props": {
                      "style": {
                        "fontSize": "80%",
                        "textAlign": "center"
                      },
                      "target": "tab",
                      "text": "event: onRowClick",
                      "url": "https://links.inductiveautomation.com/81-perspective-table-component-events"
                    },
                    "type": "ia.navigation.link"
                  },
                  {
                    "meta": {
                      "name": "Action"
                    },
                    "position": {
                      "basis": "30px",
                      "shrink": 0
                    },
                    "props": {
                      "style": {
                        "fontSize": "80%",
                        "lineHeight": "30px",
                        "textAlign": "center"
                      },
                      "text": "action: Popup (with Parameter)"
                    },
                    "type": "ia.display.label"
                  },
                  {
                    "events": {
                      "component": {
                        "onSelectionChange": [
                          {
                            "config": {
                              "draggable": true,
                              "id": "TableEventPopup",
                              "modal": false,
                              "overlayDismiss": false,
                              "resizable": true,
                              "showCloseIcon": true,
                              "type": "close",
                              "viewPath": "Ignition 101/Feature Views/Perspective Features/Events Actions Popup",
                              "viewportBound": false
                            },
                            "scope": "C",
                            "type": "popup"
                          },
                          {
                            "config": {
                              "draggable": true,
                              "id": "TableEventPopup",
                              "modal": false,
                              "overlayDismiss": false,
                              "resizable": true,
                              "showCloseIcon": true,
                              "type": "open",
                              "viewParams": {
                                "value": "{/root/Flex Container/Examples/TableSelect/Table.props.selection.data}"
                              },
                              "viewPath": "Ignition 101/Feature Views/Perspective Features/Events Actions Popup",
                              "viewportBound": false
                            },
                            "scope": "C",
                            "type": "popup"
                          }
                        ]
                      }
                    },
                    "meta": {
                      "name": "Table"
                    },
                    "position": {
                      "basis": "170px",
                      "grow": 1,
                      "shrink": 0
                    },
                    "props": {
                      "data": [
                        {
                          "city": "Folsom",
                          "country": "United States",
                          "population": 77271
                        },
                        {
                          "city": "Helsinki",
                          "country": "Finland",
                          "population": 635591
                        },
                        {
                          "city": "Jakarta",
                          "country": "Indonesia",
                          "population": 10187595
                        },
                        {
                          "city": "Madrid",
                          "country": "Spain",
                          "population": 3233527
                        }
                      ],
                      "pager": {
                        "bottom": false
                      },
                      "selection": {
                        "enableColumnSelection": true,
                        "selectedColumn": ""
                      },
                      "style": {
                        "margin": "10px"
                      }
                    },
                    "type": "ia.display.table"
                  }
                ],
                "meta": {
                  "name": "TableSelect"
                },
                "position": {
                  "basis": "350px",
                  "shrink": 0
                },
                "props": {
                  "alignContent": "flex-start",
                  "direction": "column",
                  "style": {
                    "borderColor": "var(--neutral-50)",
                    "borderStyle": "solid",
                    "borderWidth": "2px",
                    "height": "300px",
                    "marginBottom": "20px",
                    "overflow": "visible"
                  }
                },
                "type": "ia.container.flex"
              }
            ],
            "meta": {
              "name": "Examples"
            },
            "position": {
              "basis": "200px",
              "grow": 1
            },
            "props": {
              "alignContent": "flex-start",
              "alignItems": "flex-start",
              "justify": "space-evenly",
              "style": {
                "overflow": "visible",
                "padding": "10px"
              },
              "wrap": "wrap"
            },
            "type": "ia.container.flex"
          }
        ],
        "meta": {
          "name": "Flex Container"
        },
        "position": {
          "grow": 1
        },
        "props": {
          "direction": "column",
          "style": {
            "classes": "layouts/ignition-101-margin"
          }
        },
        "type": "ia.container.flex"
      },
      {
        "meta": {
          "name": "Path"
        },
        "position": {
          "basis": "32px",
          "shrink": 0
        },
        "props": {
          "style": {
            "backgroundColor": "var(--info)",
            "color": "var(--neutral-10)",
            "fontSize": "12px"
          },
          "text": "Open this view in the Designer: Ignition 101/Feature Views/Perspective Features/Events Actions",
          "textStyle": {
            "fontWeight": "500",
            "textAlign": "center"
          }
        },
        "type": "ia.display.label"
      }
    ],
    "meta": {
      "name": "root"
    },
    "props": {
      "direction": "column",
      "justify": "space-between"
    },
    "type": "ia.container.flex"
  }
}