{
  "custom": {},
  "params": {},
  "props": {
    "defaultSize": {
      "height": 860,
      "width": 728
    }
  },
  "root": {
    "children": [
      {
        "meta": {
          "name": "Title"
        },
        "position": {
          "basis": "56px",
          "shrink": 0
        },
        "props": {
          "style": {
            "classes": "framework/hyperlink framework/page-title"
          },
          "target": "tab",
          "text": "Slider",
          "url": "https://links.inductiveautomation.com/81-perspective-comp-slider"
        },
        "type": "ia.navigation.link"
      },
      {
        "meta": {
          "name": "Description"
        },
        "position": {
          "shrink": 0
        },
        "props": {
          "source": "The Slider component lets the user drag an indicator along a scale to choose a value in a range.  The Slider includes options for displaying labels alongside the track, as well as orientation and colors. Additional settings include the interval for the labels and the amount that the slider will move in a single step."
        },
        "type": "ia.display.markdown"
      },
      {
        "children": [
          {
            "children": [
              {
                "meta": {
                  "name": "Label"
                },
                "position": {
                  "basis": "50px",
                  "shrink": 0
                },
                "props": {
                  "style": {
                    "textAlign": "center"
                  },
                  "text": "Horizontal:"
                },
                "type": "ia.display.label"
              },
              {
                "meta": {
                  "name": "Slider"
                },
                "position": {
                  "shrink": 0
                },
                "type": "ia.input.slider"
              }
            ],
            "meta": {
              "name": "Horizontal"
            },
            "position": {
              "basis": "300px",
              "shrink": 0
            },
            "props": {
              "alignContent": "flex-start",
              "direction": "column",
              "style": {
                "overflow": "visible"
              }
            },
            "type": "ia.container.flex"
          },
          {
            "children": [
              {
                "meta": {
                  "name": "Label"
                },
                "position": {
                  "basis": "50px",
                  "shrink": 0
                },
                "props": {
                  "style": {
                    "textAlign": "center"
                  },
                  "text": "Labels:"
                },
                "type": "ia.display.label"
              },
              {
                "meta": {
                  "name": "Slider"
                },
                "position": {
                  "basis": "50px",
                  "shrink": 0
                },
                "props": {
                  "labels": {
                    "interval": 25,
                    "show": true
                  },
                  "min": -100
                },
                "type": "ia.input.slider"
              }
            ],
            "meta": {
              "name": "Labels"
            },
            "position": {
              "basis": "300px",
              "shrink": 0
            },
            "props": {
              "alignContent": "flex-start",
              "direction": "column",
              "style": {
                "overflow": "visible"
              }
            },
            "type": "ia.container.flex"
          },
          {
            "children": [
              {
                "meta": {
                  "name": "Label"
                },
                "position": {
                  "basis": "50px",
                  "shrink": 0
                },
                "props": {
                  "style": {
                    "textAlign": "center"
                  },
                  "text": "Disabled:"
                },
                "type": "ia.display.label"
              },
              {
                "meta": {
                  "name": "Slider"
                },
                "position": {
                  "basis": "50px",
                  "shrink": 0
                },
                "props": {
                  "enabled": false,
                  "labels": {
                    "interval": 25,
                    "show": true
                  },
                  "min": -100
                },
                "type": "ia.input.slider"
              }
            ],
            "meta": {
              "name": "Disabled"
            },
            "position": {
              "basis": "300px"
            },
            "props": {
              "alignContent": "flex-start",
              "direction": "column",
              "style": {
                "overflow": "visible"
              }
            },
            "type": "ia.container.flex"
          },
          {
            "children": [
              {
                "meta": {
                  "name": "Label"
                },
                "position": {
                  "basis": "50px",
                  "shrink": 0
                },
                "props": {
                  "style": {
                    "textAlign": "center"
                  },
                  "text": "Customized:"
                },
                "type": "ia.display.label"
              },
              {
                "meta": {
                  "name": "Slider"
                },
                "position": {
                  "basis": "50px",
                  "shrink": 0
                },
                "props": {
                  "handleColor": "#9F9FFF",
                  "labels": {
                    "interval": 50,
                    "show": true
                  },
                  "max": 200,
                  "min": -200,
                  "railColor": "#080808",
                  "step": 50,
                  "trackColor": "#4D9F00"
                },
                "type": "ia.input.slider"
              }
            ],
            "meta": {
              "name": "Customized"
            },
            "position": {
              "basis": "300px"
            },
            "props": {
              "alignContent": "flex-start",
              "direction": "column",
              "style": {
                "overflow": "visible"
              }
            },
            "type": "ia.container.flex"
          }
        ],
        "meta": {
          "name": "Examples"
        },
        "position": {
          "basis": "200px",
          "grow": 1
        },
        "props": {
          "alignContent": "flex-start",
          "alignItems": "flex-start",
          "justify": "space-evenly",
          "style": {
            "overflow": "visible",
            "padding": "10px"
          },
          "wrap": "wrap"
        },
        "type": "ia.container.flex"
      }
    ],
    "meta": {
      "name": "root"
    },
    "props": {
      "direction": "column"
    },
    "type": "ia.container.flex"
  }
}