{
  "custom": {},
  "params": {},
  "props": {},
  "root": {
    "children": [
      {
        "meta": {
          "name": "Component A"
        },
        "position": {
          "height": 134,
          "width": 138,
          "x": 24,
          "y": 132.25
        },
        "props": {
          "params": {
            "label": " ",
            "styleClass": "layouts/gray-60"
          },
          "path": "Layouts/Framework/Container Label"
        },
        "type": "ia.display.view"
      },
      {
        "meta": {
          "name": "Component B"
        },
        "position": {
          "height": 223.99999999999997,
          "width": 194,
          "x": 303,
          "y": 86.75
        },
        "props": {
          "params": {
            "label": " ",
            "styleClass": "layouts/gray-60"
          },
          "path": "Layouts/Framework/Container Label"
        },
        "type": "ia.display.view"
      },
      {
        "meta": {
          "name": "Component C"
        },
        "position": {
          "height": 73,
          "width": 134,
          "x": 608.5,
          "y": 162.25
        },
        "props": {
          "params": {
            "label": " ",
            "styleClass": "layouts/gray-60"
          },
          "path": "Layouts/Framework/Container Label"
        },
        "type": "ia.display.view"
      },
      {
        "meta": {
          "name": "Label A"
        },
        "position": {
          "height": 40,
          "width": 80,
          "x": 52.5,
          "y": 278.25
        },
        "props": {
          "params": {
            "label": "a",
            "styleClass": "layouts/container-A"
          },
          "path": "Layouts/Framework/Container Label"
        },
        "type": "ia.display.view"
      },
      {
        "meta": {
          "name": "Label B"
        },
        "position": {
          "height": 40,
          "width": 80,
          "x": 359.5,
          "y": 328.25
        },
        "props": {
          "params": {
            "label": "b",
            "styleClass": "layouts/container-B"
          },
          "path": "Layouts/Framework/Container Label"
        },
        "type": "ia.display.view"
      },
      {
        "meta": {
          "name": "Label C"
        },
        "position": {
          "height": 40,
          "width": 80,
          "x": 635,
          "y": 246.25
        },
        "props": {
          "params": {
            "label": "c",
            "styleClass": "layouts/container-C"
          },
          "path": "Layouts/Framework/Container Label"
        },
        "type": "ia.display.view"
      },
      {
        "meta": {
          "name": "Connector 2"
        },
        "position": {
          "height": 16,
          "width": 142,
          "x": 161.5,
          "y": 191.25
        },
        "props": {
          "params": {
            "label": "",
            "styleClass": "layouts/gray-100"
          },
          "path": "Layouts/Framework/Container Label"
        },
        "type": "ia.display.view"
      },
      {
        "meta": {
          "name": "Connector 3"
        },
        "position": {
          "height": 16,
          "width": 111.99999999999999,
          "x": 496.5,
          "y": 191.25
        },
        "props": {
          "params": {
            "label": "",
            "styleClass": "layouts/gray-100"
          },
          "path": "Layouts/Framework/Container Label"
        },
        "type": "ia.display.view"
      },
      {
        "meta": {
          "name": "Component D"
        },
        "position": {
          "height": 84,
          "width": 758,
          "x": 23.5,
          "y": 578.25
        },
        "props": {
          "params": {
            "label": " ",
            "styleClass": "layouts/gray-60"
          },
          "path": "Layouts/Framework/Container Label"
        },
        "type": "ia.display.view"
      },
      {
        "meta": {
          "name": "Label D"
        },
        "position": {
          "height": 40,
          "width": 80,
          "x": 360,
          "y": 673.25
        },
        "props": {
          "params": {
            "label": "d",
            "styleClass": "layouts/container-D"
          },
          "path": "Layouts/Framework/Container Label"
        },
        "type": "ia.display.view"
      },
      {
        "meta": {
          "name": "Connector 4"
        },
        "position": {
          "height": 16,
          "width": 58,
          "x": 742,
          "y": 191.25
        },
        "props": {
          "params": {
            "label": "",
            "styleClass": "layouts/gray-100"
          },
          "path": "Layouts/Framework/Container Label"
        },
        "type": "ia.display.view"
      },
      {
        "meta": {
          "name": "Connector 1"
        },
        "position": {
          "height": 16,
          "width": 24,
          "y": 191.25
        },
        "props": {
          "params": {
            "label": "",
            "styleClass": "layouts/gray-100"
          },
          "path": "Layouts/Framework/Container Label"
        },
        "type": "ia.display.view"
      }
    ],
    "meta": {
      "name": "root"
    },
    "propConfig": {
      "props.mode": {
        "persistent": true
      }
    },
    "type": "ia.container.coord"
  }
}