{
  "custom": {},
  "params": {},
  "props": {},
  "root": {
    "children": [
      {
        "meta": {
          "name": "Title"
        },
        "position": {
          "basis": "56px",
          "shrink": 0
        },
        "props": {
          "style": {
            "classes": "framework/hyperlink framework/page-title"
          },
          "target": "tab",
          "text": "Link",
          "url": "https://links.inductiveautomation.com/81-perspective-comp-link"
        },
        "type": "ia.navigation.link"
      },
      {
        "meta": {
          "name": "Label"
        },
        "position": {
          "shrink": 0
        },
        "props": {
          "text": "The Link component allows users to create a hyperlink that points to a destination such as a page, view, resource, or mount path that they can quickly navigate to. Links are easily identifiable because they typically have a different color font then the rest of the content, and an underscore when you hover over them. To configure a link, enter the URL for the destination, and the name of the link in the \u0027text\u0027 property."
        },
        "type": "ia.display.label"
      },
      {
        "children": [
          {
            "children": [
              {
                "meta": {
                  "name": "Label"
                },
                "position": {
                  "basis": "80px"
                },
                "props": {
                  "style": {
                    "textAlign": "center"
                  },
                  "text": "Control Industrial Processes Remotely and Securely. Take Control Wherever You Are With Ignition."
                },
                "type": "ia.display.label"
              },
              {
                "meta": {
                  "name": "Link"
                },
                "position": {
                  "basis": "38px"
                },
                "props": {
                  "style": {
                    "classes": "Components/link-example1",
                    "textAlign": "center"
                  },
                  "target": "tab",
                  "text": "Watch the Webinar!",
                  "url": "https://inductiveautomation.com/resources/webinar/controlling-industrial-processes-remotely-and-securely"
                },
                "type": "ia.navigation.link"
              }
            ],
            "meta": {
              "name": "Flex Container 1"
            },
            "position": {
              "basis": "96px",
              "shrink": 0
            },
            "props": {
              "direction": "column"
            },
            "type": "ia.container.flex"
          },
          {
            "children": [
              {
                "meta": {
                  "name": "Label"
                },
                "position": {
                  "basis": "72px"
                },
                "props": {
                  "style": {
                    "textAlign": "center"
                  },
                  "text": "Learn more about creating mobile responsive layouts in this quick start project."
                },
                "type": "ia.display.label"
              },
              {
                "meta": {
                  "name": "Link"
                },
                "position": {
                  "basis": "52px"
                },
                "props": {
                  "style": {
                    "classes": "Components/link-example2",
                    "marginTop": 10,
                    "textAlign": "center"
                  },
                  "target": "self",
                  "text": "Navigate to the Layouts Section",
                  "url": "../../layouts"
                },
                "type": "ia.navigation.link"
              }
            ],
            "meta": {
              "name": "Flex Container 2"
            },
            "position": {
              "basis": "394px",
              "shrink": 0
            },
            "props": {
              "direction": "column"
            },
            "type": "ia.container.flex"
          }
        ],
        "meta": {
          "name": "Flex Container"
        },
        "position": {
          "basis": "490px",
          "shrink": 0
        },
        "props": {
          "direction": "column",
          "style": {
            "marginTop": 10
          },
          "wrap": "wrap"
        },
        "type": "ia.container.flex"
      }
    ],
    "meta": {
      "name": "root"
    },
    "props": {
      "direction": "column"
    },
    "type": "ia.container.flex"
  }
}