{
  "custom": {},
  "params": {},
  "propConfig": {
    "params.feature": {
      "paramDirection": "input"
    },
    "params.key": {
      "paramDirection": "input"
    },
    "params.tier1": {
      "paramDirection": "input"
    },
    "params.tier2": {
      "paramDirection": "input"
    }
  },
  "props": {
    "defaultSize": {
      "height": 1347,
      "width": 1332
    }
  },
  "root": {
    "children": [
      {
        "children": [
          {
            "meta": {
              "name": "Title"
            },
            "position": {
              "basis": "36px",
              "shrink": 0
            },
            "props": {
              "style": {
                "classes": "framework/hyperlink",
                "fontSize": "20px"
              },
              "target": "tab",
              "text": "Bindings",
              "url": "https://links.inductiveautomation.com/81-bindings-in-perspective"
            },
            "type": "ia.navigation.link"
          },
          {
            "meta": {
              "name": "Description"
            },
            "position": {
              "shrink": 0
            },
            "props": {
              "source": "Perspective allows for numerous types of bindings that allow for the dynamic updating of properties associated with Views or their child Components. When configuring a binding, it is initially unidirectional: the value on the property that contains the binding will synchronize with whatever it is bound to. For example, if the text property on a Label component is bound to a Tag (via a Tag Binding), then the text on the Label will update to match the value of that Tag. Bindings can also be bidirectional, meaning that when the value of the property changes in some other way, then it will write back to the binding\u0027s source. For example, a Multi-State Button bound bidirectionally to a tag will attempt to write the new selected value to that tag.",
              "style": {
                "marginBottom": "10px"
              }
            },
            "type": "ia.display.markdown"
          },
          {
            "children": [
              {
                "children": [
                  {
                    "meta": {
                      "name": "Heading"
                    },
                    "position": {
                      "basis": "32px"
                    },
                    "props": {
                      "style": {
                        "classes": "framework/hyperlink",
                        "fontWeight": "bold",
                        "marginBottom": "10px",
                        "marginTop": "5px",
                        "textAlign": "center"
                      },
                      "target": "tab",
                      "text": "Tag Binding",
                      "url": "https://links.inductiveautomation.com/81-tag-bindings-perspective"
                    },
                    "type": "ia.navigation.link"
                  },
                  {
                    "meta": {
                      "name": "Value 1"
                    },
                    "position": {
                      "basis": "80px"
                    },
                    "propConfig": {
                      "props.text": {
                        "binding": {
                          "config": {
                            "fallbackDelay": 2.5,
                            "mode": "direct",
                            "tagPath": "[Sample_Tags]Realistic/Realistic0"
                          },
                          "type": "tag"
                        }
                      }
                    },
                    "props": {
                      "style": {
                        "textAlign": "center"
                      }
                    },
                    "type": "ia.display.label"
                  },
                  {
                    "meta": {
                      "name": "Progress"
                    },
                    "position": {
                      "basis": "40px"
                    },
                    "propConfig": {
                      "props.value": {
                        "binding": {
                          "config": {
                            "fallbackDelay": 2.5,
                            "mode": "direct",
                            "tagPath": "[Sample_Tags]Random/RandomInteger1"
                          },
                          "type": "tag"
                        }
                      }
                    },
                    "props": {
                      "style": {
                        "marginLeft": "20px",
                        "marginRight": "20px"
                      },
                      "valueDisplay": {
                        "enabled": true
                      }
                    },
                    "type": "ia.display.progress"
                  },
                  {
                    "children": [
                      {
                        "meta": {
                          "name": "Cylindrical Tank"
                        },
                        "position": {
                          "basis": "136px"
                        },
                        "propConfig": {
                          "props.value": {
                            "binding": {
                              "config": {
                                "fallbackDelay": 2.5,
                                "mode": "direct",
                                "tagPath": "[Sample_Tags]Random/RandomDouble2"
                              },
                              "type": "tag"
                            }
                          }
                        },
                        "type": "ia.display.cylindrical-tank"
                      }
                    ],
                    "meta": {
                      "name": "Size Constraint"
                    },
                    "position": {
                      "basis": "200px"
                    },
                    "props": {
                      "justify": "center",
                      "style": {
                        "margin": "20px"
                      }
                    },
                    "type": "ia.container.flex"
                  }
                ],
                "meta": {
                  "name": "Tag"
                },
                "position": {
                  "basis": "400px"
                },
                "props": {
                  "alignContent": "flex-start",
                  "direction": "column",
                  "style": {
                    "borderColor": "var(--neutral-50)",
                    "borderStyle": "solid",
                    "borderWidth": "2px",
                    "height": "380px",
                    "marginBottom": "20px",
                    "overflow": "visible"
                  }
                },
                "type": "ia.container.flex"
              },
              {
                "children": [
                  {
                    "meta": {
                      "name": "Heading"
                    },
                    "position": {
                      "basis": "32px",
                      "shrink": 0
                    },
                    "props": {
                      "style": {
                        "classes": "framework/hyperlink",
                        "fontWeight": "bold",
                        "marginBottom": "10px",
                        "marginTop": "5px",
                        "textAlign": "center"
                      },
                      "target": "tab",
                      "text": "Property Binding",
                      "url": "https://links.inductiveautomation.com/81-property-bindings-perspective"
                    },
                    "type": "ia.navigation.link"
                  },
                  {
                    "meta": {
                      "name": "Pump"
                    },
                    "position": {
                      "basis": "129px",
                      "grow": 1,
                      "shrink": 0
                    },
                    "propConfig": {
                      "props.animationSpeed": {
                        "binding": {
                          "config": {
                            "path": "../Slider.props.value"
                          },
                          "type": "property"
                        }
                      }
                    },
                    "props": {
                      "label": {
                        "text": ""
                      },
                      "state": "running",
                      "style": {
                        "marginTop": "40px"
                      },
                      "value": {
                        "text": ""
                      }
                    },
                    "type": "ia.symbol.pump"
                  },
                  {
                    "meta": {
                      "name": "Value"
                    },
                    "position": {
                      "basis": "50px",
                      "shrink": 0
                    },
                    "propConfig": {
                      "props.text": {
                        "binding": {
                          "config": {
                            "path": "../Slider.props.value"
                          },
                          "type": "property"
                        }
                      }
                    },
                    "props": {
                      "alignVertical": "bottom",
                      "style": {
                        "marginTop": "18px",
                        "textAlign": "center"
                      }
                    },
                    "type": "ia.display.label"
                  },
                  {
                    "meta": {
                      "name": "Slider"
                    },
                    "position": {
                      "basis": "40px",
                      "shrink": 0
                    },
                    "props": {
                      "style": {
                        "marginLeft": "10px",
                        "marginRight": "10px"
                      },
                      "value": 30
                    },
                    "type": "ia.input.slider"
                  },
                  {
                    "meta": {
                      "name": "Label"
                    },
                    "position": {
                      "basis": "32px",
                      "shrink": 0
                    },
                    "props": {
                      "style": {
                        "fontStyle": "italic",
                        "marginLeft": "10px",
                        "marginRight": "10px",
                        "marginTop": "20px",
                        "textAlign": "center"
                      },
                      "text": "Drag the slider to change the pump speed."
                    },
                    "type": "ia.display.label"
                  }
                ],
                "meta": {
                  "name": "Property"
                },
                "position": {
                  "basis": "400px"
                },
                "props": {
                  "alignContent": "flex-start",
                  "direction": "column",
                  "style": {
                    "borderColor": "var(--neutral-50)",
                    "borderStyle": "solid",
                    "borderWidth": "2px",
                    "height": "380px",
                    "marginBottom": "20px",
                    "overflow": "visible"
                  }
                },
                "type": "ia.container.flex"
              },
              {
                "children": [
                  {
                    "meta": {
                      "name": "Heading"
                    },
                    "position": {
                      "basis": "32px",
                      "shrink": 0
                    },
                    "props": {
                      "style": {
                        "classes": "framework/hyperlink",
                        "marginBottom": "10px",
                        "marginTop": "5px",
                        "textAlign": "center"
                      },
                      "target": "tab",
                      "text": "Expression Binding",
                      "url": "https://links.inductiveautomation.com/81-expression-bindings-perspective"
                    },
                    "type": "ia.navigation.link"
                  },
                  {
                    "meta": {
                      "name": "Value"
                    },
                    "position": {
                      "basis": "40px"
                    },
                    "propConfig": {
                      "props.text": {
                        "binding": {
                          "config": {
                            "expression": "\"The value of the tag is: \" + numberFormat({[Sample_Tags]Random/RandomDouble1}, \"0.00\")"
                          },
                          "type": "expr"
                        }
                      }
                    },
                    "props": {
                      "style": {
                        "textAlign": "center"
                      }
                    },
                    "type": "ia.display.label"
                  },
                  {
                    "meta": {
                      "name": "Vessel"
                    },
                    "position": {
                      "basis": "159px",
                      "grow": 1
                    },
                    "propConfig": {
                      "props.value.value": {
                        "binding": {
                          "config": {
                            "expression": "{[Sample_Tags]Random/RandomDouble1} * {../Slider.props.value}"
                          },
                          "type": "expr"
                        }
                      }
                    },
                    "props": {
                      "label": {
                        "text": ""
                      },
                      "value": {}
                    },
                    "type": "ia.symbol.vessel"
                  },
                  {
                    "meta": {
                      "name": "Scaling"
                    },
                    "position": {
                      "basis": "32px"
                    },
                    "propConfig": {
                      "props.text": {
                        "binding": {
                          "config": {
                            "expression": "\"Scaling: \"+{../Slider.props.value}+\"x\""
                          },
                          "type": "expr"
                        }
                      }
                    },
                    "props": {
                      "style": {
                        "marginTop": "30px",
                        "textAlign": "center"
                      }
                    },
                    "type": "ia.display.label"
                  },
                  {
                    "meta": {
                      "name": "Slider"
                    },
                    "position": {
                      "basis": "32px"
                    },
                    "props": {
                      "max": 1,
                      "step": ".1",
                      "style": {
                        "marginLeft": "10px",
                        "marginRight": "10px"
                      },
                      "value": 0.5
                    },
                    "type": "ia.input.slider"
                  },
                  {
                    "meta": {
                      "name": "Label"
                    },
                    "position": {
                      "basis": "32px",
                      "shrink": 0
                    },
                    "props": {
                      "style": {
                        "fontStyle": "italic",
                        "marginLeft": "10px",
                        "marginRight": "10px",
                        "marginTop": "20px",
                        "textAlign": "center"
                      },
                      "text": "Drag the slider to change the scaling factor."
                    },
                    "type": "ia.display.label"
                  }
                ],
                "meta": {
                  "name": "Expression"
                },
                "position": {
                  "basis": "400px"
                },
                "props": {
                  "alignContent": "flex-start",
                  "direction": "column",
                  "style": {
                    "borderColor": "var(--neutral-50)",
                    "borderStyle": "solid",
                    "borderWidth": "2px",
                    "height": "380px",
                    "marginBottom": "20px",
                    "overflow": "visible"
                  }
                },
                "type": "ia.container.flex"
              },
              {
                "children": [
                  {
                    "meta": {
                      "name": "Heading"
                    },
                    "position": {
                      "basis": "32px",
                      "shrink": 0
                    },
                    "props": {
                      "style": {
                        "classes": "framework/hyperlink",
                        "marginBottom": "10px",
                        "marginTop": "5px",
                        "textAlign": "center"
                      },
                      "target": "tab",
                      "text": "Expression Structure Binding",
                      "url": "https://links.inductiveautomation.com/81-expression-structure-bindings-perspective"
                    },
                    "type": "ia.navigation.link"
                  },
                  {
                    "meta": {
                      "name": "Simple Gauge"
                    },
                    "position": {
                      "basis": "250px",
                      "grow": 1,
                      "shrink": 0
                    },
                    "propConfig": {
                      "props.arc": {
                        "binding": {
                          "config": {
                            "struct": {
                              "color": "\"#CCCCFF\"",
                              "cornerRadius": 0,
                              "width": "{../Slider.props.value}"
                            },
                            "waitOnAll": true
                          },
                          "type": "expr-struct"
                        }
                      },
                      "props.value": {
                        "binding": {
                          "config": {
                            "fallbackDelay": 2.5,
                            "mode": "direct",
                            "tagPath": "[Sample_Tags]Random/RandomInteger1"
                          },
                          "type": "tag"
                        }
                      }
                    },
                    "props": {
                      "style": {
                        "classes": []
                      }
                    },
                    "type": "ia.chart.simple-gauge"
                  },
                  {
                    "meta": {
                      "name": "Slider"
                    },
                    "position": {
                      "basis": "32px"
                    },
                    "props": {
                      "max": 35,
                      "min": 5,
                      "style": {
                        "marginLeft": "10px",
                        "marginRight": "10px"
                      },
                      "value": 25
                    },
                    "type": "ia.input.slider"
                  },
                  {
                    "meta": {
                      "name": "Label"
                    },
                    "position": {
                      "basis": "32px",
                      "shrink": 0
                    },
                    "props": {
                      "style": {
                        "fontStyle": "italic",
                        "marginLeft": "10px",
                        "marginRight": "10px",
                        "marginTop": "20px",
                        "textAlign": "center"
                      },
                      "text": "Drag the slider to change the arc thickness."
                    },
                    "type": "ia.display.label"
                  }
                ],
                "meta": {
                  "name": "Expression Structure"
                },
                "position": {
                  "basis": "400px"
                },
                "props": {
                  "alignContent": "flex-start",
                  "direction": "column",
                  "style": {
                    "borderColor": "var(--neutral-50)",
                    "borderStyle": "solid",
                    "borderWidth": "2px",
                    "height": "380px",
                    "marginBottom": "20px",
                    "overflow": "visible"
                  }
                },
                "type": "ia.container.flex"
              },
              {
                "children": [
                  {
                    "meta": {
                      "name": "Heading"
                    },
                    "position": {
                      "basis": "32px",
                      "shrink": 0
                    },
                    "props": {
                      "style": {
                        "classes": "framework/hyperlink",
                        "marginBottom": "10px",
                        "marginTop": "5px",
                        "textAlign": "center"
                      },
                      "target": "tab",
                      "text": "Named Query Binding",
                      "url": "https://links.inductiveautomation.com/81-query-bindings-perspective"
                    },
                    "type": "ia.navigation.link"
                  },
                  {
                    "meta": {
                      "name": "Table"
                    },
                    "position": {
                      "basis": "300px",
                      "shrink": 0
                    },
                    "propConfig": {
                      "props.data": {
                        "binding": {
                          "config": {
                            "polling": {
                              "enabled": true,
                              "rate": "5"
                            },
                            "queryPath": "Ignition 101/Named Query Binding"
                          },
                          "type": "query"
                        }
                      }
                    },
                    "props": {
                      "columns": [
                        {
                          "align": "center",
                          "boolean": "checkbox",
                          "dateFormat": "MM/DD/YYYY",
                          "editable": false,
                          "field": "displaypath",
                          "footer": {
                            "align": "center",
                            "justify": "left",
                            "style": {
                              "classes": ""
                            },
                            "title": ""
                          },
                          "header": {
                            "align": "center",
                            "justify": "left",
                            "style": {
                              "classes": ""
                            },
                            "title": "Alarm Display Path"
                          },
                          "justify": "auto",
                          "number": "value",
                          "numberFormat": "0,0.##",
                          "progressBar": {
                            "bar": {
                              "color": "",
                              "style": {
                                "classes": ""
                              }
                            },
                            "max": 100,
                            "min": 0,
                            "track": {
                              "color": "",
                              "style": {
                                "classes": ""
                              }
                            },
                            "value": {
                              "enabled": true,
                              "format": "0,0.##",
                              "justify": "center",
                              "style": {
                                "classes": ""
                              }
                            }
                          },
                          "render": "auto",
                          "resizable": true,
                          "sort": "none",
                          "sortable": true,
                          "strictWidth": false,
                          "style": {
                            "classes": ""
                          },
                          "toggleSwitch": {
                            "color": {
                              "selected": "",
                              "unselected": ""
                            }
                          },
                          "viewParams": {},
                          "viewPath": "",
                          "visible": true,
                          "width": ""
                        },
                        {
                          "align": "center",
                          "boolean": "checkbox",
                          "dateFormat": "MM/DD/YYYY HH:mm:ss",
                          "editable": false,
                          "field": "eventtime",
                          "footer": {
                            "align": "center",
                            "justify": "left",
                            "style": {
                              "classes": ""
                            },
                            "title": ""
                          },
                          "header": {
                            "align": "center",
                            "justify": "left",
                            "style": {
                              "classes": ""
                            },
                            "title": "Event Time"
                          },
                          "justify": "auto",
                          "number": "value",
                          "numberFormat": "0,0.##",
                          "progressBar": {
                            "bar": {
                              "color": "",
                              "style": {
                                "classes": ""
                              }
                            },
                            "max": 100,
                            "min": 0,
                            "track": {
                              "color": "",
                              "style": {
                                "classes": ""
                              }
                            },
                            "value": {
                              "enabled": true,
                              "format": "0,0.##",
                              "justify": "center",
                              "style": {
                                "classes": ""
                              }
                            }
                          },
                          "render": "date",
                          "resizable": true,
                          "sort": "none",
                          "sortable": true,
                          "strictWidth": false,
                          "style": {
                            "classes": ""
                          },
                          "toggleSwitch": {
                            "color": {
                              "selected": "",
                              "unselected": ""
                            }
                          },
                          "viewParams": {},
                          "viewPath": "",
                          "visible": true,
                          "width": ""
                        }
                      ],
                      "pager": {
                        "bottom": false
                      },
                      "style": {
                        "margin": "10px"
                      }
                    },
                    "type": "ia.display.table"
                  }
                ],
                "meta": {
                  "name": "Named Query"
                },
                "position": {
                  "basis": "400px"
                },
                "props": {
                  "alignContent": "flex-start",
                  "direction": "column",
                  "style": {
                    "borderColor": "var(--neutral-50)",
                    "borderStyle": "solid",
                    "borderWidth": "2px",
                    "height": "380px",
                    "marginBottom": "20px",
                    "overflow": "visible"
                  }
                },
                "type": "ia.container.flex"
              },
              {
                "children": [
                  {
                    "meta": {
                      "name": "Heading"
                    },
                    "position": {
                      "basis": "32px",
                      "shrink": 0
                    },
                    "props": {
                      "style": {
                        "classes": "framework/hyperlink",
                        "marginBottom": "10px",
                        "marginTop": "5px",
                        "textAlign": "center"
                      },
                      "target": "tab",
                      "text": "Tag History Binding",
                      "url": "https://links.inductiveautomation.com/81-tag-history-bindings-perspective"
                    },
                    "type": "ia.navigation.link"
                  },
                  {
                    "meta": {
                      "name": "Time Series Chart"
                    },
                    "position": {
                      "basis": "200px",
                      "grow": 1,
                      "shrink": 0
                    },
                    "propConfig": {
                      "props.series[0].data": {
                        "binding": {
                          "config": {
                            "avoidScanClassValidation": true,
                            "dateRange": {
                              "mostRecent": "1",
                              "mostRecentUnits": "MIN"
                            },
                            "ignoreBadQuality": false,
                            "polling": {
                              "enabled": true,
                              "rate": "1"
                            },
                            "preventInterpolation": false,
                            "returnFormat": "Wide",
                            "returnSize": {
                              "type": "RAW"
                            },
                            "tags": [
                              {
                                "path": "[Sample_Tags]Realistic/Realistic0"
                              }
                            ],
                            "valueFormat": "DATASET"
                          },
                          "type": "tag-history"
                        }
                      }
                    },
                    "props": {
                      "series": [
                        {
                          "name": "Boiler"
                        }
                      ]
                    },
                    "type": "ia.chart.timeseries"
                  }
                ],
                "meta": {
                  "name": "History"
                },
                "position": {
                  "basis": "400px"
                },
                "props": {
                  "alignContent": "flex-start",
                  "direction": "column",
                  "style": {
                    "borderColor": "var(--neutral-50)",
                    "borderStyle": "solid",
                    "borderWidth": "2px",
                    "height": "380px",
                    "marginBottom": "20px",
                    "overflow": "visible"
                  }
                },
                "type": "ia.container.flex"
              },
              {
                "children": [
                  {
                    "meta": {
                      "name": "Heading"
                    },
                    "position": {
                      "basis": "32px",
                      "shrink": 0
                    },
                    "props": {
                      "style": {
                        "classes": "framework/hyperlink",
                        "marginBottom": "10px",
                        "marginTop": "5px",
                        "textAlign": "center"
                      },
                      "target": "tab",
                      "text": "HTTP Binding",
                      "url": "https://links.inductiveautomation.com/81-http-bindings-perspective"
                    },
                    "type": "ia.navigation.link"
                  },
                  {
                    "meta": {
                      "name": "City State"
                    },
                    "position": {
                      "shrink": 0
                    },
                    "props": {
                      "style": {
                        "marginLeft": "10px",
                        "marginRight": "10px",
                        "marginTop": "15px"
                      },
                      "text": "Sacramento International Airport (SMF)"
                    },
                    "type": "ia.display.label"
                  },
                  {
                    "meta": {
                      "name": "Image"
                    },
                    "position": {
                      "basis": "64px",
                      "shrink": 0
                    },
                    "propConfig": {
                      "props.source": {
                        "binding": {
                          "config": {
                            "path": "parent.custom.response.properties.icon"
                          },
                          "type": "property"
                        }
                      }
                    },
                    "props": {
                      "fit": {
                        "height": 64,
                        "mode": "fill",
                        "width": 64
                      },
                      "style": {
                        "marginBottom": 10,
                        "marginTop": 10
                      },
                      "tint": {
                        "color": ""
                      }
                    },
                    "type": "ia.display.image"
                  },
                  {
                    "meta": {
                      "name": "Description"
                    },
                    "position": {
                      "shrink": 0
                    },
                    "propConfig": {
                      "props.text": {
                        "binding": {
                          "config": {
                            "expression": "{parent.custom.response.properties.textDescription}"
                          },
                          "type": "expr"
                        }
                      }
                    },
                    "props": {
                      "style": {
                        "marginLeft": "10px",
                        "marginRight": "10px"
                      }
                    },
                    "type": "ia.display.label"
                  },
                  {
                    "meta": {
                      "name": "Temperature"
                    },
                    "position": {
                      "shrink": 0
                    },
                    "propConfig": {
                      "props.text": {
                        "binding": {
                          "config": {
                            "expression": "{parent.custom.response.properties.temperature.value}"
                          },
                          "transforms": [
                            {
                              "expression": "numberFormat(((9 / 5) * {value} + 32), \"###\") + \"°F\"",
                              "type": "expression"
                            }
                          ],
                          "type": "expr"
                        }
                      }
                    },
                    "props": {
                      "style": {
                        "marginLeft": "10px",
                        "marginRight": "10px"
                      }
                    },
                    "type": "ia.display.label"
                  },
                  {
                    "meta": {
                      "name": "Help Text"
                    },
                    "position": {
                      "shrink": 0
                    },
                    "props": {
                      "style": {
                        "fontStyle": "italic",
                        "marginLeft": "10px",
                        "marginRight": "10px",
                        "marginTop": "50px"
                      },
                      "text": "The HTTP binding is on the custom property \"response\" on the root of this container. The labels and image above are property bindings to the \"response.properties\" property."
                    },
                    "type": "ia.display.label"
                  }
                ],
                "meta": {
                  "name": "HTTP"
                },
                "position": {
                  "basis": "400px"
                },
                "propConfig": {
                  "custom.response": {
                    "binding": {
                      "config": {
                        "connectTimeout": 60000,
                        "enableCookies": true,
                        "enableValueCache": true,
                        "polling": {
                          "enabled": false,
                          "rate": ""
                        },
                        "request": {
                          "auth": {
                            "type": "None",
                            "value": ""
                          },
                          "method": "GET",
                          "url": "\"https://api.weather.gov/stations/KSMF/observations/latest\""
                        },
                        "socketTimeout": 60000
                      },
                      "type": "http"
                    }
                  }
                },
                "props": {
                  "alignContent": "flex-start",
                  "alignItems": "center",
                  "direction": "column",
                  "style": {
                    "borderColor": "var(--neutral-50)",
                    "borderStyle": "solid",
                    "borderWidth": "2px",
                    "height": "380px",
                    "marginBottom": "20px",
                    "overflow": "visible"
                  }
                },
                "type": "ia.container.flex"
              }
            ],
            "meta": {
              "name": "Examples"
            },
            "position": {
              "grow": 1,
              "shrink": 0
            },
            "props": {
              "alignContent": "flex-start",
              "alignItems": "flex-start",
              "justify": "space-evenly",
              "style": {
                "overflow": "visible",
                "padding": "10px"
              },
              "wrap": "wrap"
            },
            "type": "ia.container.flex"
          }
        ],
        "meta": {
          "name": "Flex Container"
        },
        "position": {
          "grow": 1
        },
        "props": {
          "direction": "column",
          "style": {
            "classes": "layouts/ignition-101-margin"
          }
        },
        "type": "ia.container.flex"
      },
      {
        "meta": {
          "name": "Path"
        },
        "position": {
          "basis": "32px",
          "shrink": 0
        },
        "props": {
          "style": {
            "backgroundColor": "var(--info)",
            "color": "var(--neutral-10)",
            "fontSize": "12px"
          },
          "text": "Open this view in the Designer: Ignition 101/Feature Views/Perspective Features/Bindings",
          "textStyle": {
            "fontWeight": "500",
            "textAlign": "center"
          }
        },
        "type": "ia.display.label"
      }
    ],
    "meta": {
      "name": "root"
    },
    "props": {
      "direction": "column",
      "justify": "space-between"
    },
    "type": "ia.container.flex"
  }
}