{
  "custom": {},
  "params": {},
  "props": {
    "defaultSize": {
      "height": 450,
      "width": 201
    }
  },
  "root": {
    "children": [
      {
        "children": [
          {
            "meta": {
              "name": "Icon"
            },
            "position": {
              "basis": "24px"
            },
            "props": {
              "color": "#000000",
              "path": "material/language",
              "style": {
                "marginLeft": "10px",
                "marginRight": "10px"
              }
            },
            "type": "ia.display.icon"
          },
          {
            "meta": {
              "name": "Label"
            },
            "position": {
              "grow": 1
            },
            "props": {
              "style": {
                "color": "#000000"
              },
              "text": "Language",
              "textStyle": {
                "fontWeight": "bold"
              }
            },
            "type": "ia.display.label"
          }
        ],
        "meta": {
          "name": "Header"
        },
        "position": {
          "basis": "50px"
        },
        "props": {
          "style": {
            "backgroundColor": "#E6EAEE"
          }
        },
        "type": "ia.container.flex"
      },
      {
        "children": [
          {
            "events": {
              "dom": {
                "onClick": {
                  "config": {
                    "script": "\tself.session.props.locale \u003d \"en-US\""
                  },
                  "scope": "G",
                  "type": "script"
                }
              }
            },
            "meta": {
              "name": "Image"
            },
            "position": {
              "basis": "70px",
              "shrink": 0
            },
            "props": {
              "fit": {
                "height": 26,
                "mode": "absolute",
                "width": 39
              },
              "source": "/system/images/sample-images/flags/us.svg"
            },
            "type": "ia.display.image"
          },
          {
            "meta": {
              "name": "Label"
            },
            "position": {
              "grow": 1
            },
            "props": {
              "text": "English"
            },
            "type": "ia.display.label"
          }
        ],
        "events": {
          "dom": {
            "onClick": {
              "config": {
                "script": "\tself.session.props.locale \u003d \"en-US\""
              },
              "scope": "G",
              "type": "script"
            }
          }
        },
        "meta": {
          "name": "English"
        },
        "position": {
          "basis": "50px",
          "shrink": 0
        },
        "propConfig": {
          "props.style.classes": {
            "binding": {
              "config": {
                "path": "session.props.locale"
              },
              "transforms": [
                {
                  "fallback": "typography/language-unselected",
                  "inputType": "scalar",
                  "mappings": [
                    {
                      "input": "en-US",
                      "output": "typography/language-selected"
                    }
                  ],
                  "outputType": "style-list",
                  "type": "map"
                }
              ],
              "type": "property"
            }
          }
        },
        "props": {
          "alignItems": "center",
          "style": {
            "borderStyle": "solid",
            "cursor": "pointer",
            "paddingLeft": "10px",
            "paddingRight": "10px"
          }
        },
        "type": "ia.container.flex"
      },
      {
        "children": [
          {
            "events": {
              "dom": {
                "onClick": {
                  "config": {
                    "script": "\tself.session.props.locale \u003d \"fr\""
                  },
                  "scope": "G",
                  "type": "script"
                }
              }
            },
            "meta": {
              "name": "Image"
            },
            "position": {
              "basis": "70px",
              "shrink": 0
            },
            "props": {
              "fit": {
                "height": 26,
                "mode": "absolute",
                "width": 39
              },
              "source": "/system/images/sample-images/flags/fr.svg"
            },
            "type": "ia.display.image"
          },
          {
            "meta": {
              "name": "Label"
            },
            "position": {
              "grow": 1,
              "shrink": 0
            },
            "props": {
              "text": "French"
            },
            "type": "ia.display.label"
          }
        ],
        "events": {
          "dom": {
            "onClick": {
              "config": {
                "script": "\tself.session.props.locale \u003d \"fr\""
              },
              "scope": "G",
              "type": "script"
            }
          }
        },
        "meta": {
          "name": "French"
        },
        "position": {
          "basis": "50px",
          "shrink": 0
        },
        "propConfig": {
          "props.style.classes": {
            "binding": {
              "config": {
                "path": "session.props.locale"
              },
              "transforms": [
                {
                  "fallback": "typography/language-unselected",
                  "inputType": "scalar",
                  "mappings": [
                    {
                      "input": "fr",
                      "output": "typography/language-selected"
                    }
                  ],
                  "outputType": "style-list",
                  "type": "map"
                }
              ],
              "type": "property"
            }
          }
        },
        "props": {
          "alignItems": "center",
          "style": {
            "borderStyle": "solid",
            "cursor": "pointer",
            "paddingLeft": "10px",
            "paddingRight": "10px"
          }
        },
        "type": "ia.container.flex"
      },
      {
        "children": [
          {
            "events": {
              "dom": {
                "onClick": {
                  "config": {
                    "script": "\tself.session.props.locale \u003d \"de\""
                  },
                  "scope": "G",
                  "type": "script"
                }
              }
            },
            "meta": {
              "name": "Image"
            },
            "position": {
              "basis": "70px",
              "shrink": 0
            },
            "props": {
              "fit": {
                "height": 26,
                "mode": "absolute",
                "width": 39
              },
              "source": "/system/images/sample-images/flags/de.svg"
            },
            "type": "ia.display.image"
          },
          {
            "meta": {
              "name": "Label"
            },
            "position": {
              "grow": 1,
              "shrink": 0
            },
            "props": {
              "text": "German"
            },
            "type": "ia.display.label"
          }
        ],
        "events": {
          "dom": {
            "onClick": {
              "config": {
                "script": "\tself.session.props.locale \u003d \"de\""
              },
              "scope": "G",
              "type": "script"
            }
          }
        },
        "meta": {
          "name": "German"
        },
        "position": {
          "basis": "50px",
          "shrink": 0
        },
        "propConfig": {
          "props.style.classes": {
            "binding": {
              "config": {
                "path": "session.props.locale"
              },
              "transforms": [
                {
                  "fallback": "typography/language-unselected",
                  "inputType": "scalar",
                  "mappings": [
                    {
                      "input": "de",
                      "output": "typography/language-selected"
                    }
                  ],
                  "outputType": "style-list",
                  "type": "map"
                }
              ],
              "type": "property"
            }
          }
        },
        "props": {
          "alignItems": "center",
          "style": {
            "borderStyle": "solid",
            "cursor": "pointer",
            "paddingLeft": "10px",
            "paddingRight": "10px"
          }
        },
        "type": "ia.container.flex"
      },
      {
        "children": [
          {
            "events": {
              "dom": {
                "onClick": {
                  "config": {
                    "script": "\tself.session.props.locale \u003d \"it\""
                  },
                  "scope": "G",
                  "type": "script"
                }
              }
            },
            "meta": {
              "name": "Image"
            },
            "position": {
              "basis": "70px",
              "shrink": 0
            },
            "props": {
              "fit": {
                "height": 26,
                "mode": "absolute",
                "width": 39
              },
              "source": "/system/images/sample-images/flags/it.svg"
            },
            "type": "ia.display.image"
          },
          {
            "meta": {
              "name": "Label"
            },
            "position": {
              "grow": 1,
              "shrink": 0
            },
            "props": {
              "text": "Italian"
            },
            "type": "ia.display.label"
          }
        ],
        "events": {
          "dom": {
            "onClick": {
              "config": {
                "script": "\tself.session.props.locale \u003d \"it\""
              },
              "scope": "G",
              "type": "script"
            }
          }
        },
        "meta": {
          "name": "Italian"
        },
        "position": {
          "basis": "50px",
          "shrink": 0
        },
        "propConfig": {
          "props.style.classes": {
            "binding": {
              "config": {
                "path": "session.props.locale"
              },
              "transforms": [
                {
                  "fallback": "typography/language-unselected",
                  "inputType": "scalar",
                  "mappings": [
                    {
                      "input": "it",
                      "output": "typography/language-selected"
                    }
                  ],
                  "outputType": "style-list",
                  "type": "map"
                }
              ],
              "type": "property"
            }
          }
        },
        "props": {
          "alignItems": "center",
          "style": {
            "borderStyle": "solid",
            "cursor": "pointer",
            "paddingLeft": "10px",
            "paddingRight": "10px"
          }
        },
        "type": "ia.container.flex"
      },
      {
        "children": [
          {
            "events": {
              "dom": {
                "onClick": {
                  "config": {
                    "script": "\tself.session.props.locale \u003d \"ko\""
                  },
                  "scope": "G",
                  "type": "script"
                }
              }
            },
            "meta": {
              "name": "Image"
            },
            "position": {
              "basis": "70px",
              "shrink": 0
            },
            "props": {
              "fit": {
                "height": 26,
                "mode": "absolute",
                "width": 39
              },
              "source": "/system/images/sample-images/flags/ko.svg"
            },
            "type": "ia.display.image"
          },
          {
            "meta": {
              "name": "Label"
            },
            "position": {
              "grow": 1,
              "shrink": 0
            },
            "props": {
              "path": "material/language",
              "text": "Korean"
            },
            "type": "ia.display.label"
          }
        ],
        "events": {
          "dom": {
            "onClick": {
              "config": {
                "script": "\tself.session.props.locale \u003d \"ko\""
              },
              "scope": "G",
              "type": "script"
            }
          }
        },
        "meta": {
          "name": "Korean"
        },
        "position": {
          "basis": "50px",
          "shrink": 0
        },
        "propConfig": {
          "props.style.classes": {
            "binding": {
              "config": {
                "path": "session.props.locale"
              },
              "transforms": [
                {
                  "fallback": "typography/language-unselected",
                  "inputType": "scalar",
                  "mappings": [
                    {
                      "input": "ko",
                      "output": "typography/language-selected"
                    }
                  ],
                  "outputType": "style-list",
                  "type": "map"
                }
              ],
              "type": "property"
            }
          }
        },
        "props": {
          "alignItems": "center",
          "style": {
            "borderStyle": "solid",
            "cursor": "pointer",
            "paddingLeft": "10px",
            "paddingRight": "10px"
          }
        },
        "type": "ia.container.flex"
      },
      {
        "children": [
          {
            "events": {
              "dom": {
                "onClick": {
                  "config": {
                    "script": "\tself.session.props.locale \u003d \"no\""
                  },
                  "scope": "G",
                  "type": "script"
                }
              }
            },
            "meta": {
              "name": "Image"
            },
            "position": {
              "basis": "70px",
              "shrink": 0
            },
            "props": {
              "fit": {
                "height": 26,
                "mode": "absolute",
                "width": 39
              },
              "source": "/system/images/sample-images/flags/no.svg"
            },
            "type": "ia.display.image"
          },
          {
            "meta": {
              "name": "Label"
            },
            "position": {
              "grow": 1,
              "shrink": 0
            },
            "props": {
              "text": "Norwegian"
            },
            "type": "ia.display.label"
          }
        ],
        "events": {
          "dom": {
            "onClick": {
              "config": {
                "script": "\tself.session.props.locale \u003d \"no\""
              },
              "scope": "G",
              "type": "script"
            }
          }
        },
        "meta": {
          "name": "Norwegian"
        },
        "position": {
          "basis": "50px",
          "shrink": 0
        },
        "propConfig": {
          "props.style.classes": {
            "binding": {
              "config": {
                "path": "session.props.locale"
              },
              "transforms": [
                {
                  "fallback": "typography/language-unselected",
                  "inputType": "scalar",
                  "mappings": [
                    {
                      "input": "no",
                      "output": "typography/language-selected"
                    }
                  ],
                  "outputType": "style-list",
                  "type": "map"
                }
              ],
              "type": "property"
            }
          }
        },
        "props": {
          "alignItems": "center",
          "style": {
            "borderStyle": "solid",
            "cursor": "pointer",
            "paddingLeft": "10px",
            "paddingRight": "10px"
          }
        },
        "type": "ia.container.flex"
      },
      {
        "children": [
          {
            "events": {
              "dom": {
                "onClick": {
                  "config": {
                    "script": "\tself.session.props.locale \u003d \"pt\""
                  },
                  "scope": "G",
                  "type": "script"
                }
              }
            },
            "meta": {
              "name": "Image"
            },
            "position": {
              "basis": "70px",
              "shrink": 0
            },
            "props": {
              "fit": {
                "height": 26,
                "mode": "absolute",
                "width": 39
              },
              "source": "/system/images/sample-images/flags/pt.svg"
            },
            "type": "ia.display.image"
          },
          {
            "meta": {
              "name": "Label"
            },
            "position": {
              "grow": 1,
              "shrink": 0
            },
            "props": {
              "text": "Portuguese"
            },
            "type": "ia.display.label"
          }
        ],
        "events": {
          "dom": {
            "onClick": {
              "config": {
                "script": "\tself.session.props.locale \u003d \"pt\""
              },
              "scope": "G",
              "type": "script"
            }
          }
        },
        "meta": {
          "name": "Portuguese"
        },
        "position": {
          "basis": "50px",
          "shrink": 0
        },
        "propConfig": {
          "props.style.classes": {
            "binding": {
              "config": {
                "path": "session.props.locale"
              },
              "transforms": [
                {
                  "fallback": "typography/language-unselected",
                  "inputType": "scalar",
                  "mappings": [
                    {
                      "input": "pt",
                      "output": "typography/language-selected"
                    }
                  ],
                  "outputType": "style-list",
                  "type": "map"
                }
              ],
              "type": "property"
            }
          }
        },
        "props": {
          "alignItems": "center",
          "style": {
            "borderStyle": "solid",
            "cursor": "pointer",
            "paddingLeft": "10px",
            "paddingRight": "10px"
          }
        },
        "type": "ia.container.flex"
      },
      {
        "children": [
          {
            "events": {
              "dom": {
                "onClick": {
                  "config": {
                    "script": "\tself.session.props.locale \u003d \"es\""
                  },
                  "scope": "G",
                  "type": "script"
                }
              }
            },
            "meta": {
              "name": "Image"
            },
            "position": {
              "basis": "70px",
              "shrink": 0
            },
            "props": {
              "fit": {
                "height": 26,
                "mode": "absolute",
                "width": 39
              },
              "source": "/system/images/sample-images/flags/es.svg"
            },
            "type": "ia.display.image"
          },
          {
            "meta": {
              "name": "Label"
            },
            "position": {
              "grow": 1,
              "shrink": 0
            },
            "props": {
              "path": "material/language",
              "text": "Spanish"
            },
            "type": "ia.display.label"
          }
        ],
        "events": {
          "dom": {
            "onClick": {
              "config": {
                "script": "\tself.session.props.locale \u003d \"es\""
              },
              "scope": "G",
              "type": "script"
            }
          }
        },
        "meta": {
          "name": "Spanish"
        },
        "position": {
          "basis": "50px",
          "shrink": 0
        },
        "propConfig": {
          "props.style.classes": {
            "binding": {
              "config": {
                "path": "session.props.locale"
              },
              "transforms": [
                {
                  "fallback": "typography/language-unselected",
                  "inputType": "scalar",
                  "mappings": [
                    {
                      "input": "es",
                      "output": "typography/language-selected"
                    }
                  ],
                  "outputType": "style-list",
                  "type": "map"
                }
              ],
              "type": "property"
            }
          }
        },
        "props": {
          "alignItems": "center",
          "style": {
            "borderStyle": "solid",
            "cursor": "pointer",
            "paddingLeft": "10px",
            "paddingRight": "10px"
          }
        },
        "type": "ia.container.flex"
      }
    ],
    "meta": {
      "name": "root"
    },
    "props": {
      "direction": "column",
      "style": {
        "borderColor": "var(--neutral-50)",
        "borderStyle": "solid",
        "borderWidth": "1px"
      }
    },
    "type": "ia.container.flex"
  }
}