{
  "custom": {},
  "params": {},
  "propConfig": {
    "params.feature": {
      "paramDirection": "input"
    },
    "params.key": {
      "paramDirection": "input"
    },
    "params.tier1": {
      "paramDirection": "input"
    },
    "params.tier2": {
      "paramDirection": "input"
    }
  },
  "props": {
    "defaultSize": {
      "height": 996,
      "width": 1125
    }
  },
  "root": {
    "children": [
      {
        "children": [
          {
            "meta": {
              "name": "Title"
            },
            "position": {
              "basis": "36px",
              "shrink": 0
            },
            "props": {
              "style": {
                "classes": "framework/hyperlink\n",
                "fontSize": "20px",
                "fontWeight": "600"
              },
              "target": "tab",
              "text": "Component Message Handlers",
              "url": "https://links.inductiveautomation.com/81-component-message-handlers"
            },
            "type": "ia.navigation.link"
          },
          {
            "meta": {
              "name": "Label"
            },
            "position": {
              "shrink": 0
            },
            "props": {
              "style": {
                "marginBottom": "15px"
              },
              "text": "In Perspective, Component Message Handlers are the preferred way to pass parameters between Components or Views. The Message Handlers are effectively user-created scripting events.  A user can define a Message Handler that listens for a particular message. For example, another component can broadcast a message, and if the type of the message matches what the Message Handler is listening for, the Message Handler will execute a script.  This allows Views to communicate even when they do not share scope."
            },
            "type": "ia.display.label"
          },
          {
            "meta": {
              "name": "Label 2"
            },
            "position": {
              "shrink": 0
            },
            "props": {
              "style": {
                "marginBottom": "15px"
              },
              "text": "When clicked, the buttons along the top of the table open popups. After adding/modifying data, these popups utilize Message Handlers to refresh the data binding of the Table component."
            },
            "type": "ia.display.label"
          },
          {
            "children": [
              {
                "children": [
                  {
                    "children": [
                      {
                        "events": {
                          "dom": {
                            "onClick": {
                              "config": {
                                "draggable": true,
                                "id": "tankform",
                                "modal": true,
                                "overlayDismiss": false,
                                "resizable": false,
                                "showCloseIcon": true,
                                "type": "open",
                                "viewPath": "Ignition 101/Feature Views/Framework/Data Entry Form Popup",
                                "viewportBound": false
                              },
                              "scope": "C",
                              "type": "popup"
                            }
                          }
                        },
                        "meta": {
                          "name": "Add"
                        },
                        "position": {
                          "basis": "100px"
                        },
                        "props": {
                          "image": {
                            "icon": {
                              "path": "material/add"
                            }
                          },
                          "text": "Add"
                        },
                        "type": "ia.input.button"
                      },
                      {
                        "events": {
                          "dom": {
                            "onClick": {
                              "config": {
                                "draggable": true,
                                "id": "tankform",
                                "modal": true,
                                "overlayDismiss": false,
                                "resizable": false,
                                "showCloseIcon": true,
                                "type": "open",
                                "viewParams": {
                                  "TankNo": "{/root/Flex Container/Flex Container/Flex Container/Table.props.selection.data[0].tankNo}"
                                },
                                "viewPath": "Ignition 101/Feature Views/Framework/Data Entry Form Popup",
                                "viewportBound": false
                              },
                              "scope": "C",
                              "type": "popup"
                            }
                          }
                        },
                        "meta": {
                          "name": "Edit"
                        },
                        "position": {
                          "basis": "100px"
                        },
                        "propConfig": {
                          "props.enabled": {
                            "binding": {
                              "config": {
                                "path": ".../Table.props.selection.selectedRow"
                              },
                              "transforms": [
                                {
                                  "fallback": null,
                                  "inputType": "scalar",
                                  "mappings": [
                                    {
                                      "input": null,
                                      "output": false
                                    }
                                  ],
                                  "outputType": "scalar",
                                  "type": "map"
                                }
                              ],
                              "type": "property"
                            }
                          }
                        },
                        "props": {
                          "image": {
                            "icon": {
                              "path": "material/edit"
                            }
                          },
                          "primary": false,
                          "style": {
                            "marginLeft": "5px",
                            "marginRight": "5px"
                          },
                          "text": "Edit"
                        },
                        "type": "ia.input.button"
                      },
                      {
                        "events": {
                          "dom": {
                            "onClick": {
                              "config": {
                                "draggable": true,
                                "id": "0B6tyYR1",
                                "modal": true,
                                "overlayDismiss": false,
                                "resizable": false,
                                "showCloseIcon": true,
                                "type": "open",
                                "viewParams": {
                                  "TankNo": "{/root/Flex Container/Flex Container/Flex Container/Table.props.selection.data[0].tankNo}"
                                },
                                "viewPath": "Ignition 101/Feature Views/Framework/Data Entry Confirm Delete",
                                "viewportBound": false
                              },
                              "scope": "C",
                              "type": "popup"
                            }
                          }
                        },
                        "meta": {
                          "name": "Delete"
                        },
                        "position": {
                          "basis": "100px"
                        },
                        "propConfig": {
                          "props.enabled": {
                            "binding": {
                              "config": {
                                "path": ".../Table.props.selection.selectedRow"
                              },
                              "transforms": [
                                {
                                  "fallback": true,
                                  "inputType": "scalar",
                                  "mappings": [
                                    {
                                      "input": null,
                                      "output": false
                                    }
                                  ],
                                  "outputType": "scalar",
                                  "type": "map"
                                }
                              ],
                              "type": "property"
                            }
                          }
                        },
                        "props": {
                          "image": {
                            "icon": {
                              "path": "material/delete"
                            }
                          },
                          "primary": false,
                          "text": "Delete"
                        },
                        "type": "ia.input.button"
                      }
                    ],
                    "meta": {
                      "name": "Flex Container"
                    },
                    "position": {
                      "basis": "40px",
                      "shrink": 0.5
                    },
                    "props": {
                      "justify": "flex-end",
                      "style": {
                        "marginBottom": "5px"
                      }
                    },
                    "type": "ia.container.flex"
                  },
                  {
                    "meta": {
                      "name": "Table"
                    },
                    "position": {
                      "basis": "800px"
                    },
                    "propConfig": {
                      "props.data": {
                        "binding": {
                          "config": {
                            "queryPath": "Ignition 101/Data Entry/Tank List"
                          },
                          "type": "query"
                        }
                      }
                    },
                    "props": {
                      "cells": {
                        "style": {
                          "paddingLeft": "5px"
                        }
                      },
                      "columns": [
                        {
                          "align": "center",
                          "boolean": "checkbox",
                          "dateFormat": "MM/DD/YYYY",
                          "editable": false,
                          "field": "tankNo",
                          "footer": {
                            "align": "center",
                            "justify": "left",
                            "style": {
                              "classes": ""
                            },
                            "title": ""
                          },
                          "header": {
                            "align": "center",
                            "justify": "left",
                            "style": {
                              "classes": "",
                              "paddingLeft": "0px"
                            },
                            "title": "Tank #"
                          },
                          "justify": "left",
                          "number": "value",
                          "numberFormat": "0,0.##",
                          "progressBar": {
                            "bar": {
                              "color": "",
                              "style": {
                                "classes": ""
                              }
                            },
                            "max": 100,
                            "min": 0,
                            "track": {
                              "color": "",
                              "style": {
                                "classes": ""
                              }
                            },
                            "value": {
                              "enabled": true,
                              "format": "0,0.##",
                              "justify": "center",
                              "style": {
                                "classes": ""
                              }
                            }
                          },
                          "render": "auto",
                          "resizable": true,
                          "sort": "none",
                          "sortable": true,
                          "strictWidth": false,
                          "style": {
                            "classes": "",
                            "paddingLeft": "5px"
                          },
                          "toggleSwitch": {
                            "color": {
                              "selected": "",
                              "unselected": ""
                            }
                          },
                          "viewParams": {},
                          "viewPath": "",
                          "visible": true,
                          "width": 40
                        },
                        {
                          "align": "center",
                          "boolean": "checkbox",
                          "dateFormat": "MM/DD/YYYY",
                          "editable": false,
                          "field": "tankName",
                          "footer": {
                            "align": "center",
                            "justify": "left",
                            "style": {
                              "classes": ""
                            },
                            "title": ""
                          },
                          "header": {
                            "align": "center",
                            "justify": "left",
                            "style": {
                              "classes": "",
                              "paddingLeft": "0px"
                            },
                            "title": "Tank Name"
                          },
                          "justify": "auto",
                          "number": "value",
                          "numberFormat": "0,0.##",
                          "progressBar": {
                            "bar": {
                              "color": "",
                              "style": {
                                "classes": ""
                              }
                            },
                            "max": 100,
                            "min": 0,
                            "track": {
                              "color": "",
                              "style": {
                                "classes": ""
                              }
                            },
                            "value": {
                              "enabled": true,
                              "format": "0,0.##",
                              "justify": "center",
                              "style": {
                                "classes": ""
                              }
                            }
                          },
                          "render": "auto",
                          "resizable": true,
                          "sort": "none",
                          "sortable": true,
                          "strictWidth": false,
                          "style": {
                            "classes": ""
                          },
                          "toggleSwitch": {
                            "color": {
                              "selected": "",
                              "unselected": ""
                            }
                          },
                          "viewParams": {},
                          "viewPath": "",
                          "visible": true,
                          "width": ""
                        },
                        {
                          "align": "center",
                          "boolean": "checkbox",
                          "dateFormat": "MM/DD/YYYY",
                          "editable": false,
                          "field": "tankVol",
                          "footer": {
                            "align": "center",
                            "justify": "left",
                            "style": {
                              "classes": ""
                            },
                            "title": ""
                          },
                          "header": {
                            "align": "center",
                            "justify": "left",
                            "style": {
                              "classes": ""
                            },
                            "title": "Volume"
                          },
                          "justify": "auto",
                          "number": "value",
                          "numberFormat": "0,0.##",
                          "progressBar": {
                            "bar": {
                              "color": "",
                              "style": {
                                "classes": ""
                              }
                            },
                            "max": 100,
                            "min": 0,
                            "track": {
                              "color": "",
                              "style": {
                                "classes": ""
                              }
                            },
                            "value": {
                              "enabled": true,
                              "format": "0,0.##",
                              "justify": "center",
                              "style": {
                                "classes": ""
                              }
                            }
                          },
                          "render": "auto",
                          "resizable": true,
                          "sort": "none",
                          "sortable": true,
                          "strictWidth": false,
                          "style": {
                            "classes": ""
                          },
                          "toggleSwitch": {
                            "color": {
                              "selected": "",
                              "unselected": ""
                            }
                          },
                          "viewParams": {},
                          "viewPath": "",
                          "visible": true,
                          "width": ""
                        },
                        {
                          "align": "center",
                          "boolean": "checkbox",
                          "dateFormat": "MM/DD/YYYY",
                          "editable": false,
                          "field": "tankMaxVol",
                          "footer": {
                            "align": "center",
                            "justify": "left",
                            "style": {
                              "classes": ""
                            },
                            "title": ""
                          },
                          "header": {
                            "align": "center",
                            "justify": "left",
                            "style": {
                              "classes": ""
                            },
                            "title": "Max Volume"
                          },
                          "justify": "auto",
                          "number": "value",
                          "numberFormat": "0,0.##",
                          "progressBar": {
                            "bar": {
                              "color": "",
                              "style": {
                                "classes": ""
                              }
                            },
                            "max": 100,
                            "min": 0,
                            "track": {
                              "color": "",
                              "style": {
                                "classes": ""
                              }
                            },
                            "value": {
                              "enabled": true,
                              "format": "0,0.##",
                              "justify": "center",
                              "style": {
                                "classes": ""
                              }
                            }
                          },
                          "render": "auto",
                          "resizable": true,
                          "sort": "none",
                          "sortable": true,
                          "strictWidth": false,
                          "style": {
                            "classes": ""
                          },
                          "toggleSwitch": {
                            "color": {
                              "selected": "",
                              "unselected": ""
                            }
                          },
                          "viewParams": {},
                          "viewPath": "",
                          "visible": true,
                          "width": ""
                        },
                        {
                          "align": "center",
                          "boolean": "checkbox",
                          "dateFormat": "MM/DD/YYYY",
                          "editable": false,
                          "field": "tankInUse",
                          "footer": {
                            "align": "center",
                            "justify": "left",
                            "style": {
                              "classes": ""
                            },
                            "title": ""
                          },
                          "header": {
                            "align": "center",
                            "justify": "left",
                            "style": {
                              "classes": ""
                            },
                            "title": "In Use"
                          },
                          "justify": "auto",
                          "number": "value",
                          "numberFormat": "0,0.##",
                          "progressBar": {
                            "bar": {
                              "color": "",
                              "style": {
                                "classes": ""
                              }
                            },
                            "max": 100,
                            "min": 0,
                            "track": {
                              "color": "",
                              "style": {
                                "classes": ""
                              }
                            },
                            "value": {
                              "enabled": true,
                              "format": "0,0.##",
                              "justify": "center",
                              "style": {
                                "classes": ""
                              }
                            }
                          },
                          "render": "boolean",
                          "resizable": true,
                          "sort": "none",
                          "sortable": true,
                          "strictWidth": false,
                          "style": {
                            "classes": ""
                          },
                          "toggleSwitch": {
                            "color": {
                              "selected": "",
                              "unselected": ""
                            }
                          },
                          "viewParams": {},
                          "viewPath": "",
                          "visible": true,
                          "width": 40
                        }
                      ],
                      "selection": {
                        "style": {
                          "paddingLeft": "0px"
                        }
                      }
                    },
                    "scripts": {
                      "customMethods": [],
                      "extensionFunctions": null,
                      "messageHandlers": [
                        {
                          "messageType": "refresh-tank-list",
                          "pageScope": true,
                          "script": "\tself.refreshBinding(\"props.data\")\n\tself.props.selection.selectedRow \u003d None",
                          "sessionScope": false,
                          "viewScope": false
                        }
                      ]
                    },
                    "type": "ia.display.table"
                  }
                ],
                "meta": {
                  "name": "Flex Container"
                },
                "position": {
                  "basis": "800px"
                },
                "props": {
                  "direction": "column"
                },
                "type": "ia.container.flex"
              }
            ],
            "meta": {
              "name": "Flex Container"
            },
            "position": {
              "basis": "600px",
              "shrink": 0.5
            },
            "props": {
              "justify": "center"
            },
            "type": "ia.container.flex"
          },
          {
            "meta": {
              "name": "Data Entry Label"
            },
            "position": {
              "shrink": 0
            },
            "props": {
              "style": {
                "marginBottom": "15px",
                "marginTop": "15px"
              },
              "text": "Data entry can be accomplished without Message Handlers if all components share a common View. See the Data Entry application."
            },
            "type": "ia.display.label"
          },
          {
            "meta": {
              "name": "Data Entry Link"
            },
            "position": {
              "basis": "24px"
            },
            "props": {
              "style": {
                "classes": "framework/hyperlink"
              },
              "target": "self",
              "text": "Go to \"Data Entry\"",
              "url": "/ignition-101/application/data-entry"
            },
            "type": "ia.navigation.link"
          }
        ],
        "meta": {
          "name": "Flex Container"
        },
        "position": {
          "grow": 1
        },
        "props": {
          "direction": "column",
          "style": {
            "classes": "layouts/ignition-101-margin"
          }
        },
        "type": "ia.container.flex"
      },
      {
        "meta": {
          "name": "Path"
        },
        "position": {
          "basis": "32px",
          "shrink": 0
        },
        "props": {
          "style": {
            "backgroundColor": "var(--info)",
            "color": "var(--neutral-10)",
            "fontSize": "12px"
          },
          "text": "Open this view in the Designer: Ignition 101/Feature Views/Perspective Features/Message Handler",
          "textStyle": {
            "fontWeight": "500",
            "textAlign": "center"
          }
        },
        "type": "ia.display.label"
      }
    ],
    "meta": {
      "name": "root"
    },
    "props": {
      "direction": "column",
      "justify": "space-between"
    },
    "type": "ia.container.flex"
  }
}