{
  "custom": {},
  "params": {},
  "props": {
    "defaultSize": {
      "height": 336,
      "width": 256
    }
  },
  "root": {
    "children": [
      {
        "meta": {
          "name": "MenuTree"
        },
        "position": {
          "basis": "100%",
          "shrink": 0
        },
        "propConfig": {
          "props.items[0].style.classes": {
            "binding": {
              "config": {
                "path": "page.props.path"
              },
              "transforms": [
                {
                  "fallback": "framework/sidebar-items",
                  "inputType": "scalar",
                  "mappings": [
                    {
                      "input": "/components/charts/chart-range-selector",
                      "output": "framework/sidebar-items-selected"
                    }
                  ],
                  "outputType": "scalar",
                  "type": "map"
                }
              ],
              "type": "property"
            }
          },
          "props.items[1].style.classes": {
            "binding": {
              "config": {
                "path": "page.props.path"
              },
              "transforms": [
                {
                  "fallback": "framework/sidebar-items",
                  "inputType": "scalar",
                  "mappings": [
                    {
                      "input": "/components/charts/gauge",
                      "output": "framework/sidebar-items-selected"
                    }
                  ],
                  "outputType": "scalar",
                  "type": "map"
                }
              ],
              "type": "property"
            }
          },
          "props.items[2].style.classes": {
            "binding": {
              "config": {
                "path": "page.props.path"
              },
              "transforms": [
                {
                  "fallback": "framework/sidebar-items",
                  "inputType": "scalar",
                  "mappings": [
                    {
                      "input": "/components/charts/pie",
                      "output": "framework/sidebar-items-selected"
                    }
                  ],
                  "outputType": "scalar",
                  "type": "map"
                }
              ],
              "type": "property"
            }
          },
          "props.items[3].style.classes": {
            "binding": {
              "config": {
                "path": "page.props.path"
              },
              "transforms": [
                {
                  "fallback": "framework/sidebar-items",
                  "inputType": "scalar",
                  "mappings": [
                    {
                      "input": "/components/charts/power-chart",
                      "output": "framework/sidebar-items-selected"
                    }
                  ],
                  "outputType": "scalar",
                  "type": "map"
                }
              ],
              "type": "property"
            }
          },
          "props.items[4].style.classes": {
            "binding": {
              "config": {
                "path": "page.props.path"
              },
              "transforms": [
                {
                  "fallback": "framework/sidebar-items",
                  "inputType": "scalar",
                  "mappings": [
                    {
                      "input": "/components/charts/simple-gauge",
                      "output": "framework/sidebar-items-selected"
                    }
                  ],
                  "outputType": "scalar",
                  "type": "map"
                }
              ],
              "type": "property"
            }
          },
          "props.items[5].style.classes": {
            "binding": {
              "config": {
                "path": "page.props.path"
              },
              "transforms": [
                {
                  "fallback": "framework/sidebar-items",
                  "inputType": "scalar",
                  "mappings": [
                    {
                      "input": "/components/charts/time-series-chart",
                      "output": "framework/sidebar-items-selected"
                    }
                  ],
                  "outputType": "scalar",
                  "type": "map"
                }
              ],
              "type": "property"
            }
          },
          "props.items[6].style.classes": {
            "binding": {
              "config": {
                "path": "page.props.path"
              },
              "transforms": [
                {
                  "fallback": "framework/sidebar-items",
                  "inputType": "scalar",
                  "mappings": [
                    {
                      "input": "/components/charts/xy-chart",
                      "output": "framework/sidebar-items-selected"
                    }
                  ],
                  "outputType": "scalar",
                  "type": "map"
                }
              ],
              "type": "property"
            }
          }
        },
        "props": {
          "itemStyle": {
            "classes": "framework/sidebar-items"
          },
          "items": [
            {
              "enabled": true,
              "items": [],
              "label": {
                "icon": {
                  "path": "sample-components/chart-chartRangeSelector"
                },
                "text": "Chart Range Selector"
              },
              "navIcon": {
                "path": ""
              },
              "showHeader": true,
              "style": {},
              "target": "/components/charts/chart-range-selector",
              "visible": true
            },
            {
              "enabled": true,
              "items": [],
              "label": {
                "icon": {
                  "path": "sample-components/chart-gauge"
                },
                "text": "Gauge"
              },
              "navIcon": {
                "path": ""
              },
              "showHeader": true,
              "style": {},
              "target": "/components/charts/gauge",
              "visible": true
            },
            {
              "enabled": true,
              "items": [],
              "label": {
                "icon": {
                  "path": "sample-components/chart-pie"
                },
                "text": "Pie"
              },
              "navIcon": {
                "path": ""
              },
              "showHeader": true,
              "style": {},
              "target": "/components/charts/pie",
              "visible": true
            },
            {
              "enabled": true,
              "items": [],
              "label": {
                "icon": {
                  "path": "sample-components/chart-powerChart"
                },
                "text": "Power Chart"
              },
              "navIcon": {
                "color": "",
                "path": ""
              },
              "showHeader": true,
              "style": {},
              "target": "/components/charts/power-chart",
              "visible": true
            },
            {
              "enabled": true,
              "items": [],
              "label": {
                "icon": {
                  "path": "sample-components/chart-simpleGauge"
                },
                "text": "Simple Gauge"
              },
              "navIcon": {
                "path": ""
              },
              "showHeader": true,
              "style": {},
              "target": "/components/charts/simple-gauge",
              "visible": true
            },
            {
              "enabled": true,
              "items": [],
              "label": {
                "icon": {
                  "path": "sample-components/chart-timeSeriesChart"
                },
                "text": "Time Series Chart"
              },
              "navIcon": {
                "path": ""
              },
              "showHeader": true,
              "style": {},
              "target": "/components/charts/time-series-chart",
              "visible": true
            },
            {
              "enabled": true,
              "items": [],
              "label": {
                "icon": {
                  "path": "sample-components/chart-xyChart"
                },
                "text": "XY Chart"
              },
              "navIcon": {
                "path": ""
              },
              "showHeader": true,
              "style": {},
              "target": "/components/charts/xy-chart",
              "visible": true
            }
          ]
        },
        "type": "ia.navigation.menutree"
      }
    ],
    "meta": {
      "name": "root"
    },
    "type": "ia.container.flex"
  }
}