{
  "custom": {},
  "params": {},
  "props": {
    "defaultSize": {
      "height": 468,
      "width": 403
    }
  },
  "root": {
    "children": [
      {
        "meta": {
          "name": "Label 1"
        },
        "position": {
          "basis": "144px"
        },
        "props": {
          "text": "The Breakpoint container accommodates two views.  Normally the small view is used for a smaller screen such as a mobile device and the large view is used for a desktop or other larger display."
        },
        "type": "ia.display.label"
      },
      {
        "meta": {
          "name": "Label 2"
        },
        "position": {
          "basis": "324px"
        },
        "props": {
          "text": "THIS IS A LARGE VIEW SUITABLE FOR A DESKTOP.  MAKE THE WINDOW SMALLER TO SEE THE SMALL VIEW"
        },
        "type": "ia.display.label"
      }
    ],
    "meta": {
      "name": "root"
    },
    "props": {
      "direction": "column"
    },
    "type": "ia.container.flex"
  }
}