{
  "custom": {},
  "params": {},
  "props": {
    "defaultSize": {
      "height": 866
    }
  },
  "root": {
    "children": [
      {
        "meta": {
          "name": "Title"
        },
        "position": {
          "basis": "56px",
          "shrink": 0
        },
        "props": {
          "style": {
            "classes": "framework/hyperlink framework/page-title"
          },
          "target": "tab",
          "text": "Embedded View",
          "url": "https://links.inductiveautomation.com/81-perspective-comp-embedded-view"
        },
        "type": "ia.navigation.link"
      },
      {
        "meta": {
          "name": "Label"
        },
        "position": {
          "shrink": 0
        },
        "props": {
          "text": "The Embedded view component allows you to include an entire view inside another. Using this component allows you to select a view to display, and to pass parameters into the view. Because of this, views can easily act as templates for information. The below embedded view is from components \u003e Input \u003e One-Shot Button. "
        },
        "type": "ia.display.label"
      },
      {
        "meta": {
          "name": "Embedded View"
        },
        "position": {
          "basis": "729px",
          "shrink": 0
        },
        "props": {
          "path": "Components/Component Views/Input/One Shot Button",
          "style": {
            "classes": "Components/Embedded View"
          }
        },
        "type": "ia.display.view"
      }
    ],
    "meta": {
      "name": "root"
    },
    "props": {
      "direction": "column",
      "style": {
        "overflow": "visible"
      }
    },
    "type": "ia.container.flex"
  }
}