{
  "custom": {},
  "params": {
    "label": "value",
    "styleClass": "layouts/container-C"
  },
  "propConfig": {
    "params.label": {
      "paramDirection": "inout",
      "persistent": true
    },
    "params.styleClass": {
      "paramDirection": "inout",
      "persistent": true
    }
  },
  "props": {},
  "root": {
    "children": [
      {
        "meta": {
          "name": "Embedded View"
        },
        "position": {
          "basis": "320px",
          "grow": 1
        },
        "propConfig": {
          "props.params.label": {
            "binding": {
              "config": {
                "path": "view.params.label"
              },
              "type": "property"
            }
          },
          "props.params.styleClass": {
            "binding": {
              "config": {
                "path": "view.params.styleClass"
              },
              "type": "property"
            }
          }
        },
        "props": {
          "path": "Layouts/Framework/Container Label"
        },
        "type": "ia.display.view"
      }
    ],
    "meta": {
      "name": "root"
    },
    "props": {
      "direction": "column"
    },
    "type": "ia.container.flex"
  }
}