{
  "custom": {},
  "params": {
    "TankNo": 0
  },
  "propConfig": {
    "params.TankNo": {
      "paramDirection": "input",
      "persistent": true
    }
  },
  "props": {
    "defaultSize": {
      "height": 182,
      "width": 395
    }
  },
  "root": {
    "children": [
      {
        "meta": {
          "name": "Title"
        },
        "position": {
          "basis": "32px",
          "shrink": 0
        },
        "props": {
          "style": {
            "fontWeight": "bold",
            "textAlign": "center"
          },
          "text": "Confirm"
        },
        "type": "ia.display.label"
      },
      {
        "meta": {
          "name": "Label"
        },
        "position": {
          "basis": "32px",
          "grow": 1
        },
        "propConfig": {
          "props.text": {
            "binding": {
              "config": {
                "expression": "\"Are you sure you want to delete tank number \" + {view.params.TankNo} + \"?\""
              },
              "type": "expr"
            }
          }
        },
        "props": {
          "alignVertical": "top",
          "style": {
            "marginTop": "10px",
            "textAlign": "center"
          }
        },
        "type": "ia.display.label"
      },
      {
        "children": [
          {
            "events": {
              "component": {
                "onActionPerformed": {
                  "config": {
                    "script": "\t# This script deletes the tank from the database.\n\ttankNo \u003d self.view.params.TankNo\n\tsystem.perspective.print(\u0027executing named query with tankNo \u003d \u0027 + str(tankNo))\n\tsystem.db.runNamedQuery(\"Ignition 101/Data Entry/Delete Tank\", {\"tankNo\": tankNo})\n\tsystem.perspective.sendMessage(\"refresh-tank-list\")\n\tsystem.perspective.closePopup(\"\")\n\t"
                  },
                  "scope": "G",
                  "type": "script"
                }
              }
            },
            "meta": {
              "name": "Button Add"
            },
            "position": {
              "basis": "151px"
            },
            "props": {
              "text": "Yes - Delete"
            },
            "type": "ia.input.button"
          },
          {
            "events": {
              "component": {
                "onActionPerformed": {
                  "config": {
                    "script": "\tsystem.perspective.closePopup(\"\")"
                  },
                  "scope": "G",
                  "type": "script"
                }
              }
            },
            "meta": {
              "name": "Button Cancel"
            },
            "position": {
              "basis": "151px"
            },
            "props": {
              "text": "No - Cancel"
            },
            "type": "ia.input.button"
          }
        ],
        "meta": {
          "name": "Flex Container"
        },
        "position": {
          "basis": "36px",
          "shrink": 0
        },
        "props": {
          "justify": "space-around"
        },
        "type": "ia.container.flex"
      }
    ],
    "meta": {
      "name": "root"
    },
    "props": {
      "direction": "column",
      "style": {
        "padding": "10px"
      }
    },
    "type": "ia.container.flex"
  }
}