{
  "custom": {},
  "params": {},
  "props": {
    "defaultSize": {
      "height": 144,
      "width": 256
    }
  },
  "root": {
    "children": [
      {
        "meta": {
          "name": "MenuTree"
        },
        "position": {
          "basis": "100%",
          "shrink": 0
        },
        "propConfig": {
          "props.items[0].style.classes": {
            "binding": {
              "config": {
                "path": "page.props.path"
              },
              "transforms": [
                {
                  "fallback": "framework/sidebar-items",
                  "inputType": "scalar",
                  "mappings": [
                    {
                      "input": "/components/navigation/horizontal-menu",
                      "output": "framework/sidebar-items-selected"
                    }
                  ],
                  "outputType": "scalar",
                  "type": "map"
                }
              ],
              "type": "property"
            }
          },
          "props.items[1].style.classes": {
            "binding": {
              "config": {
                "path": "page.props.path"
              },
              "transforms": [
                {
                  "fallback": "framework/sidebar-items",
                  "inputType": "scalar",
                  "mappings": [
                    {
                      "input": "/components/navigation/link",
                      "output": "framework/sidebar-items-selected"
                    }
                  ],
                  "outputType": "scalar",
                  "type": "map"
                }
              ],
              "type": "property"
            }
          },
          "props.items[2].style.classes": {
            "binding": {
              "config": {
                "path": "page.props.path"
              },
              "transforms": [
                {
                  "fallback": "framework/sidebar-items",
                  "inputType": "scalar",
                  "mappings": [
                    {
                      "input": "/components/navigation/menu-tree",
                      "output": "framework/sidebar-items-selected"
                    }
                  ],
                  "outputType": "scalar",
                  "type": "map"
                }
              ],
              "type": "property"
            }
          }
        },
        "props": {
          "itemStyle": {
            "classes": "framework/sidebar-items"
          },
          "items": [
            {
              "enabled": true,
              "items": [],
              "label": {
                "icon": {
                  "path": "sample-components/navigation-horizontalMenu"
                },
                "text": "Horizontal Menu"
              },
              "navIcon": {
                "path": ""
              },
              "showHeader": true,
              "style": {},
              "target": "/components/navigation/horizontal-menu",
              "visible": true
            },
            {
              "enabled": true,
              "items": [],
              "label": {
                "icon": {
                  "path": "sample-components/navigation-link"
                },
                "text": "Link"
              },
              "navIcon": {
                "path": ""
              },
              "showHeader": true,
              "style": {},
              "target": "/components/navigation/link",
              "visible": true
            },
            {
              "enabled": true,
              "items": [],
              "label": {
                "icon": {
                  "path": "sample-components/navigation-menuTree"
                },
                "text": "Menu Tree"
              },
              "navIcon": {
                "path": ""
              },
              "showHeader": true,
              "style": {},
              "target": "/components/navigation/menu-tree",
              "visible": true
            }
          ]
        },
        "type": "ia.navigation.menutree"
      }
    ],
    "meta": {
      "name": "root"
    },
    "type": "ia.container.flex"
  }
}