{
  "custom": {},
  "params": {},
  "propConfig": {
    "params.feature": {
      "paramDirection": "input"
    },
    "params.key": {
      "paramDirection": "input"
    },
    "params.tier1": {
      "paramDirection": "input"
    },
    "params.tier2": {
      "paramDirection": "input"
    }
  },
  "props": {
    "defaultSize": {
      "height": 1400,
      "width": 1200
    }
  },
  "root": {
    "children": [
      {
        "children": [
          {
            "meta": {
              "name": "Title"
            },
            "position": {
              "basis": "36px",
              "shrink": 0
            },
            "props": {
              "style": {
                "fontSize": "20px",
                "fontWeight": "600",
                "marginRight": "10px"
              },
              "target": "tab",
              "text": "Styles",
              "url": "https://links.inductiveautomation.com/81-docs-perspective-styles"
            },
            "type": "ia.navigation.link"
          },
          {
            "meta": {
              "name": "Styles Label"
            },
            "position": {
              "shrink": 0
            },
            "props": {
              "style": {
                "marginBottom": "10px"
              },
              "text": "Perspective components have Style properties that enable you to customize the look and feel of components on the screen through various properties. These styles are based on Cascading Style Sheets (CSS), a style sheet language used for describing the presentation of a document or webpage. CSS is designed to enable the separation of presentation and content, including layout, colors, and fonts. The Perspective module uses the popular standard HTML5/CSS3 technology for its user interface (UI) layer."
            },
            "type": "ia.display.label"
          },
          {
            "children": [
              {
                "children": [
                  {
                    "children": [
                      {
                        "meta": {
                          "name": "Icon"
                        },
                        "position": {
                          "basis": "50px"
                        },
                        "props": {
                          "color": "#0071AC",
                          "path": "material/batch_prediction"
                        },
                        "type": "ia.display.icon"
                      },
                      {
                        "meta": {
                          "name": "Label"
                        },
                        "props": {
                          "text": "Batch Trend",
                          "textStyle": {
                            "color": "#0071AC",
                            "fontFamily": "Verdana",
                            "fontSize": "22px",
                            "fontWeight": "normal",
                            "textDecoration": "underline"
                          }
                        },
                        "type": "ia.display.label"
                      }
                    ],
                    "meta": {
                      "name": "Flex Container"
                    },
                    "position": {
                      "basis": "60px"
                    },
                    "props": {
                      "alignContent": "center",
                      "alignItems": "center",
                      "justify": "center"
                    },
                    "type": "ia.container.flex"
                  },
                  {
                    "meta": {
                      "name": "Sparkline"
                    },
                    "position": {
                      "basis": "150px"
                    },
                    "props": {
                      "desired": {
                        "fill": {
                          "color": "#00D900"
                        },
                        "high": 32,
                        "low": 10,
                        "stroke": {
                          "color": "#008000"
                        }
                      },
                      "points": [
                        59,
                        80,
                        80,
                        100,
                        68,
                        62,
                        87,
                        72,
                        42,
                        49,
                        58,
                        53,
                        57,
                        51,
                        42,
                        32,
                        37,
                        30,
                        24,
                        38,
                        57,
                        29,
                        18,
                        32,
                        38,
                        24,
                        24,
                        24,
                        20,
                        21,
                        29,
                        32,
                        26,
                        18,
                        32,
                        36,
                        30,
                        36,
                        29,
                        32,
                        29,
                        28,
                        41,
                        20,
                        28,
                        58,
                        18,
                        24,
                        16,
                        2,
                        22,
                        17,
                        22,
                        21,
                        12,
                        22,
                        14,
                        13,
                        11,
                        20,
                        16,
                        16,
                        18,
                        12,
                        28,
                        28,
                        32,
                        16,
                        16,
                        24,
                        16,
                        20,
                        14,
                        18,
                        12,
                        26,
                        17,
                        11,
                        30,
                        16,
                        9,
                        20,
                        42,
                        13,
                        13,
                        24,
                        17,
                        13,
                        20,
                        12,
                        14,
                        13,
                        14,
                        71,
                        82,
                        20,
                        16,
                        20,
                        22,
                        17,
                        5
                      ]
                    },
                    "type": "ia.display.sparkline"
                  },
                  {
                    "meta": {
                      "name": "Label"
                    },
                    "position": {
                      "basis": "43px"
                    },
                    "props": {
                      "style": {
                        "marginBottom": "10px",
                        "marginTop": "10px"
                      },
                      "text": 5.02,
                      "textStyle": {
                        "color": "#DE1B1B",
                        "fontFamily": "monospace",
                        "fontSize": "44px",
                        "fontWeight": "bolder",
                        "marginTop": "10px",
                        "textAlign": "center"
                      }
                    },
                    "type": "ia.display.label"
                  }
                ],
                "meta": {
                  "name": "Flex Container"
                },
                "position": {
                  "basis": "250px",
                  "shrink": 0
                },
                "props": {
                  "direction": "column",
                  "style": {
                    "borderStyle": "groove"
                  }
                },
                "type": "ia.container.flex"
              },
              {
                "meta": {
                  "name": "Cylindrical Tank"
                },
                "position": {
                  "basis": "200px",
                  "shrink": 0
                },
                "props": {
                  "style": {
                    "backgroundColor": "#CCFFFF",
                    "borderBottomLeftRadius": "20px",
                    "borderBottomRightRadius": "20px",
                    "borderColor": "#000000",
                    "borderStyle": "dashed",
                    "borderTopLeftRadius": "20px",
                    "borderTopRightRadius": "20px",
                    "borderWidth": "2px",
                    "margin": "20px",
                    "maxHeight": "300px",
                    "minWidth": "200px",
                    "padding": "10px"
                  },
                  "value": 20
                },
                "type": "ia.display.cylindrical-tank"
              },
              {
                "children": [
                  {
                    "meta": {
                      "name": "Heading"
                    },
                    "position": {
                      "shrink": 0
                    },
                    "props": {
                      "style": {
                        "marginBottom": "5px"
                      },
                      "text": "Style Classes:",
                      "textStyle": {
                        "fontWeight": "bold",
                        "textDecoration": "underline"
                      }
                    },
                    "type": "ia.display.label"
                  },
                  {
                    "meta": {
                      "name": "Label"
                    },
                    "position": {
                      "shrink": 0
                    },
                    "props": {
                      "style": {
                        "marginBottom": "5px"
                      },
                      "text": "Select one or more style classes to apply to the sample text."
                    },
                    "type": "ia.display.label"
                  },
                  {
                    "meta": {
                      "name": "Dropdown"
                    },
                    "position": {
                      "grow": 1
                    },
                    "props": {
                      "multiSelect": true,
                      "options": [
                        {
                          "label": "Box Shadow",
                          "value": "box-shadow"
                        },
                        {
                          "label": "Animated Background",
                          "value": "animated-background"
                        },
                        {
                          "label": "Bold Text",
                          "value": "bolder-text"
                        },
                        {
                          "label": "Arial Font",
                          "value": "arial-font"
                        },
                        {
                          "label": "Border Outline",
                          "value": "outline-border"
                        },
                        {
                          "label": "20px Font",
                          "value": "font-20px"
                        },
                        {
                          "label": "Orange Text",
                          "value": "orange-text"
                        },
                        {
                          "label": "Blue Text",
                          "value": "blue-text"
                        }
                      ],
                      "placeholder": {
                        "text": "Select class styles..."
                      },
                      "value": [
                        "blue-text"
                      ]
                    },
                    "type": "ia.input.dropdown"
                  },
                  {
                    "meta": {
                      "hasDelegate": true,
                      "name": "Static Class"
                    },
                    "position": {
                      "basis": "36px",
                      "shrink": 0
                    },
                    "propConfig": {
                      "props.style.classes": {
                        "binding": {
                          "config": {
                            "path": "../Dropdown.props.value"
                          },
                          "transforms": [
                            {
                              "expression": "if(isNull({value}), \u0027\u0027, {value})",
                              "type": "expression"
                            },
                            {
                              "code": "\tlist \u003d []\n\tfor i in range(len(value)):\n\t\tlist.append(\u0027examples/\u0027 + value[i])\n\treturn \u0027, \u0027.join(list)",
                              "type": "script"
                            }
                          ],
                          "type": "property"
                        }
                      }
                    },
                    "props": {
                      "style": {
                        "marginTop": "6px",
                        "padding": 0
                      },
                      "text": "Sample Text"
                    },
                    "type": "ia.display.label"
                  }
                ],
                "meta": {
                  "name": "Content"
                },
                "position": {
                  "basis": "330px",
                  "shrink": 0
                },
                "props": {
                  "direction": "column",
                  "justify": "center",
                  "style": {
                    "classes": "components/view-card",
                    "margin": "10px",
                    "marginLeft": "20px",
                    "marginRight": "20px",
                    "padding": "5px"
                  }
                },
                "type": "ia.container.flex"
              }
            ],
            "meta": {
              "name": "Flex Container"
            },
            "position": {
              "grow": 1,
              "shrink": 0
            },
            "props": {
              "alignContent": "flex-start",
              "alignItems": "flex-start",
              "justify": "space-evenly",
              "style": {
                "overflow": "visible"
              },
              "wrap": "wrap"
            },
            "type": "ia.container.flex"
          },
          {
            "meta": {
              "name": "Themes Title"
            },
            "position": {
              "basis": "36px",
              "shrink": 0
            },
            "props": {
              "style": {
                "fontSize": "20px",
                "fontWeight": "600"
              },
              "target": "tab",
              "text": "Themes",
              "url": "https://links.inductiveautomation.com/81-perspective-built-in-themes"
            },
            "type": "ia.navigation.link"
          },
          {
            "meta": {
              "name": "Themes Label"
            },
            "position": {
              "shrink": 0
            },
            "props": {
              "style": {
                "marginBottom": "10px"
              },
              "text": "Perspective comes with several themes, providing initial styling to all components. The active theme in a session is determined by a session property. Specifically, session.props.theme found on the home screen of the Perspective workspace. Changing the value of this property in a Perspective Session will change the active theme for the session. Note that some components like the TextField and Table automatically adapt to the current theme."
            },
            "type": "ia.display.label"
          },
          {
            "children": [
              {
                "children": [
                  {
                    "children": [
                      {
                        "meta": {
                          "name": "Label"
                        },
                        "position": {
                          "basis": "200px",
                          "shrink": 0
                        },
                        "props": {
                          "text": "Change the active theme:"
                        },
                        "type": "ia.display.label"
                      },
                      {
                        "meta": {
                          "name": "Dropdown"
                        },
                        "position": {
                          "basis": "115px"
                        },
                        "propConfig": {
                          "props.value": {
                            "binding": {
                              "config": {
                                "bidirectional": true,
                                "path": "session.props.theme"
                              },
                              "type": "property"
                            }
                          }
                        },
                        "props": {
                          "options": [
                            {
                              "label": "Light",
                              "value": "light"
                            },
                            {
                              "label": "Light Cool",
                              "value": "light-cool"
                            },
                            {
                              "label": "Light Warm",
                              "value": "light-warm"
                            },
                            {
                              "label": "Dark",
                              "value": "dark"
                            },
                            {
                              "label": "Dark Cool",
                              "value": "dark-cool"
                            },
                            {
                              "label": "Dark Warm",
                              "value": "dark-warm"
                            }
                          ],
                          "search": {
                            "enabled": false,
                            "marginLeft": "8px"
                          },
                          "style": {
                            "marginBottom": "5px",
                            "marginTop": "5px"
                          }
                        },
                        "type": "ia.input.dropdown"
                      }
                    ],
                    "meta": {
                      "name": "Theme Selection"
                    },
                    "position": {
                      "basis": "46px"
                    },
                    "props": {
                      "style": {
                        "marginTop": 5,
                        "overflow": "visible"
                      }
                    },
                    "type": "ia.container.flex"
                  },
                  {
                    "children": [
                      {
                        "meta": {
                          "name": "Progress"
                        },
                        "position": {
                          "basis": "100px",
                          "grow": 1
                        },
                        "propConfig": {
                          "props.value": {
                            "binding": {
                              "config": {
                                "fallbackDelay": 2.5,
                                "mode": "direct",
                                "tagPath": "[Sample_Tags]Sine/Sine8"
                              },
                              "type": "tag"
                            }
                          }
                        },
                        "props": {
                          "bar": {
                            "color": "--infoSecondary"
                          },
                          "max": 89,
                          "min": 66,
                          "style": {
                            "borderStyle": "none",
                            "outlineStyle": "none"
                          },
                          "track": {
                            "color": "--neutral-30"
                          }
                        },
                        "type": "ia.display.progress"
                      },
                      {
                        "meta": {
                          "name": "Checkbox"
                        },
                        "position": {
                          "basis": "150px",
                          "shrink": 0
                        },
                        "propConfig": {
                          "props.text": {
                            "binding": {
                              "config": {
                                "path": "this.props.selected"
                              },
                              "transforms": [
                                {
                                  "fallback": "Indeterminate",
                                  "inputType": "scalar",
                                  "mappings": [
                                    {
                                      "input": true,
                                      "output": "Selected"
                                    },
                                    {
                                      "input": false,
                                      "output": "Unselected"
                                    }
                                  ],
                                  "outputType": "scalar",
                                  "type": "map"
                                }
                              ],
                              "type": "property"
                            }
                          }
                        },
                        "props": {
                          "checkedIcon": {
                            "color": {
                              "enabled": "--qual-7"
                            }
                          },
                          "indeterminateIcon": {
                            "color": {
                              "enabled": "--warning"
                            }
                          },
                          "selected": null,
                          "style": {
                            "marginLeft": "10px"
                          },
                          "triState": true,
                          "uncheckedIcon": {
                            "color": {
                              "enabled": "--callToAction--disabled"
                            }
                          }
                        },
                        "type": "ia.input.checkbox"
                      },
                      {
                        "meta": {
                          "name": "Text Field"
                        },
                        "position": {
                          "basis": "100px",
                          "grow": 1
                        },
                        "props": {
                          "placeholder": "Enter text",
                          "style": {
                            "marginLeft": "10px",
                            "marginRight": "10px"
                          }
                        },
                        "type": "ia.input.text-field"
                      },
                      {
                        "meta": {
                          "name": "Slider"
                        },
                        "position": {
                          "basis": "100px",
                          "grow": 1
                        },
                        "props": {
                          "handleColor": "--seq-2",
                          "railColor": "--neutral-90",
                          "style": {
                            "marginLeft": "10px",
                            "marginRight": "10px"
                          },
                          "trackColor": "--seq-2",
                          "value": 38
                        },
                        "type": "ia.input.slider"
                      },
                      {
                        "meta": {
                          "name": "Toggle Switch"
                        },
                        "position": {
                          "basis": "96px"
                        },
                        "props": {
                          "color": {
                            "selected": "--indicator",
                            "unselected": "--indicatorOff"
                          },
                          "selected": true
                        },
                        "type": "ia.input.toggle-switch"
                      }
                    ],
                    "meta": {
                      "name": "Examples"
                    },
                    "position": {
                      "basis": "50px",
                      "shrink": 0
                    },
                    "props": {
                      "justify": "space-around",
                      "style": {
                        "borderWidth": "1px",
                        "overflow": "visible",
                        "padding": "5px"
                      },
                      "wrap": "wrap"
                    },
                    "type": "ia.container.flex"
                  },
                  {
                    "children": [
                      {
                        "meta": {
                          "name": "Table"
                        },
                        "position": {
                          "basis": "609px",
                          "grow": 1
                        },
                        "props": {
                          "data": [
                            {
                              "city": {
                                "align": "center",
                                "editable": true,
                                "justify": "left",
                                "style": {
                                  "backgroundColor": "#F7901D",
                                  "classes": "some-class"
                                },
                                "value": "Folsom"
                              },
                              "country": "United States",
                              "population": 77271
                            },
                            {
                              "city": "Helsinki",
                              "country": "Finland",
                              "population": 635591
                            },
                            {
                              "city": "Jakarta",
                              "country": "Indonesia",
                              "population": 10187595
                            },
                            {
                              "city": "Madrid",
                              "country": "Spain",
                              "population": 3233527
                            },
                            {
                              "city": "Prague",
                              "country": "Czech Republic",
                              "population": 1241664
                            },
                            {
                              "city": "San Diego",
                              "country": "United States",
                              "population": 1406630
                            },
                            {
                              "city": "San Francisco",
                              "country": "United States",
                              "population": 884363
                            },
                            {
                              "city": "Shanghai",
                              "country": "China",
                              "population": 24153000
                            },
                            {
                              "city": "Tokyo",
                              "country": "Japan",
                              "population": 13617000
                            },
                            {
                              "city": "Washington, DC",
                              "country": "United States",
                              "population": 658893
                            },
                            {
                              "city": "Wellington",
                              "country": "New Zealand",
                              "population": 405000
                            },
                            {
                              "city": "Delhi",
                              "country": "India",
                              "population": 11034555
                            },
                            {
                              "city": "Dhaka",
                              "country": "Bangladesh",
                              "population": 14399000
                            },
                            {
                              "city": "Lagos",
                              "country": "Nigeria",
                              "population": 16060303
                            },
                            {
                              "city": "Karachi",
                              "country": "Pakistan",
                              "population": 14910352
                            },
                            {
                              "city": "Istanbul",
                              "country": "Turkey",
                              "population": 14025000
                            },
                            {
                              "city": "Cairo",
                              "country": "Egypt",
                              "population": 10230350
                            },
                            {
                              "city": "Mexico City",
                              "country": "Mexico",
                              "population": 8974724
                            },
                            {
                              "city": "London",
                              "country": "United Kingdom",
                              "population": 8825001
                            },
                            {
                              "city": "New York City",
                              "country": "United States",
                              "population": 8622698
                            },
                            {
                              "city": "Tehran",
                              "country": "Iran",
                              "population": 8154051
                            },
                            {
                              "city": "Bogota",
                              "country": "Colombia",
                              "population": 7878783
                            },
                            {
                              "city": "Rio de Janeiro",
                              "country": "Brazil",
                              "population": 6429923
                            },
                            {
                              "city": "Riyadh",
                              "country": "Saudi Arabia",
                              "population": 5676621
                            },
                            {
                              "city": "Singapore",
                              "country": "Singapore",
                              "population": 5535000
                            },
                            {
                              "city": "Saint Petersburg",
                              "country": "Russia",
                              "population": 5191690
                            },
                            {
                              "city": "Sydney",
                              "country": "Australia",
                              "population": 208374
                            },
                            {
                              "city": "Abidjan",
                              "country": "Ivory Coast",
                              "population": 4765000
                            },
                            {
                              "city": "Dar es Salaam",
                              "country": "Tanzania",
                              "population": 4364541
                            },
                            {
                              "city": "Wellington",
                              "country": "New Zealand",
                              "population": 405000
                            },
                            {
                              "city": "Los Angeles",
                              "country": "United States",
                              "population": 3884307
                            },
                            {
                              "city": "Berlin",
                              "country": "Germany",
                              "population": 3517424
                            },
                            {
                              "city": "Jeddah",
                              "country": "Saudi Arabia",
                              "population": 3456259
                            },
                            {
                              "city": "Kabul",
                              "country": "Afghanistan",
                              "population": 3414100
                            },
                            {
                              "city": "Mashhad",
                              "country": "Iran",
                              "population": 3001184
                            },
                            {
                              "city": "Milan",
                              "country": "Italy",
                              "population": 1359905
                            },
                            {
                              "city": "Kiev",
                              "country": "Ukraine",
                              "population": 2908703
                            },
                            {
                              "city": "Rome",
                              "country": "Italy",
                              "population": 2877215
                            },
                            {
                              "city": "Chicago",
                              "country": "United States",
                              "population": 2695598
                            },
                            {
                              "city": "Osaka",
                              "country": "Japan",
                              "population": 2691742
                            },
                            {
                              "city": "Bandung",
                              "country": "Indonesia",
                              "population": 2575478
                            },
                            {
                              "city": "Managua",
                              "country": "Nicaragua",
                              "population": 2560789
                            },
                            {
                              "city": "Paris",
                              "country": "France",
                              "population": 2229621
                            },
                            {
                              "city": "Shiraz",
                              "country": "Iran",
                              "population": 1869001
                            },
                            {
                              "city": "Manila",
                              "country": "Philippines",
                              "population": 1780148
                            },
                            {
                              "city": "Montreal",
                              "country": "Canada",
                              "population": 1649519
                            },
                            {
                              "city": "Guadalajara",
                              "country": "Mexico",
                              "population": 1495189
                            },
                            {
                              "city": "Dallas",
                              "country": "United States",
                              "population": 1317929
                            },
                            {
                              "city": "Yerevan",
                              "country": "Armenia",
                              "population": 1060138
                            },
                            {
                              "city": "Tunis",
                              "country": "Tunisia",
                              "population": 1056247
                            }
                          ],
                          "style": {
                            "margin": "5px"
                          }
                        },
                        "type": "ia.display.table"
                      },
                      {
                        "meta": {
                          "name": "Time Series Chart"
                        },
                        "position": {
                          "basis": "491px",
                          "grow": 1
                        },
                        "props": {
                          "defaultStyles": {
                            "colorScheme": "Accent"
                          },
                          "series": [
                            {
                              "data": [
                                {
                                  "Pressure": 12,
                                  "Temperature": 52,
                                  "time": 1560469431423
                                },
                                {
                                  "Pressure": 42,
                                  "Temperature": 18,
                                  "time": 1560469432423
                                },
                                {
                                  "Pressure": 81,
                                  "Temperature": 26,
                                  "time": 1560469433423
                                },
                                {
                                  "Pressure": 11,
                                  "Temperature": 63,
                                  "time": 1560469434423
                                },
                                {
                                  "Pressure": 23,
                                  "Temperature": 65,
                                  "time": 1560469435423
                                },
                                {
                                  "Pressure": 43,
                                  "Temperature": 12,
                                  "time": 1560469436423
                                },
                                {
                                  "Pressure": 71,
                                  "Temperature": 61,
                                  "time": 1560469437423
                                },
                                {
                                  "Pressure": 89,
                                  "Temperature": 60,
                                  "time": 1560469438423
                                },
                                {
                                  "Pressure": 66,
                                  "Temperature": 58,
                                  "time": 1560469439423
                                },
                                {
                                  "Pressure": 33,
                                  "Temperature": 1,
                                  "time": 1560469440423
                                }
                              ],
                              "name": "Boiler"
                            }
                          ],
                          "style": {
                            "margin": "5px"
                          }
                        },
                        "type": "ia.chart.timeseries"
                      }
                    ],
                    "meta": {
                      "name": "Table Chart"
                    },
                    "position": {
                      "basis": "299px",
                      "grow": 1,
                      "shrink": 0
                    },
                    "props": {
                      "justify": "space-evenly",
                      "style": {
                        "marginTop": 10,
                        "overflow": "visible"
                      }
                    },
                    "type": "ia.container.flex"
                  }
                ],
                "meta": {
                  "name": "Flex Large"
                },
                "position": {
                  "size": "large"
                },
                "props": {
                  "direction": "column",
                  "style": {
                    "overflow": "visible"
                  }
                },
                "type": "ia.container.flex"
              },
              {
                "children": [
                  {
                    "children": [
                      {
                        "children": [
                          {
                            "meta": {
                              "name": "Label"
                            },
                            "props": {
                              "text": "Change the active theme:",
                              "textStyle": {
                                "textAlign": "right"
                              }
                            },
                            "type": "ia.display.label"
                          },
                          {
                            "meta": {
                              "name": "Dropdown"
                            },
                            "position": {
                              "basis": "113px",
                              "shrink": 0
                            },
                            "propConfig": {
                              "props.value": {
                                "binding": {
                                  "config": {
                                    "bidirectional": true,
                                    "path": "session.props.theme"
                                  },
                                  "type": "property"
                                }
                              }
                            },
                            "props": {
                              "options": [
                                {
                                  "label": "Light",
                                  "value": "light"
                                },
                                {
                                  "label": "Light Cool",
                                  "value": "light-cool"
                                },
                                {
                                  "label": "Light Warm",
                                  "value": "light-warm"
                                },
                                {
                                  "label": "Dark",
                                  "value": "dark"
                                },
                                {
                                  "label": "Dark Cool",
                                  "value": "dark-cool"
                                },
                                {
                                  "label": "Dark Warm",
                                  "value": "dark-warm"
                                }
                              ],
                              "search": {
                                "enabled": false,
                                "marginLeft": "8px"
                              },
                              "style": {
                                "marginLeft": "5px"
                              }
                            },
                            "type": "ia.input.dropdown"
                          }
                        ],
                        "meta": {
                          "name": "Theme Selection"
                        },
                        "position": {
                          "basis": "30px",
                          "shrink": 0
                        },
                        "props": {
                          "style": {
                            "marginTop": 10
                          }
                        },
                        "type": "ia.container.flex"
                      },
                      {
                        "children": [
                          {
                            "meta": {
                              "name": "Progress"
                            },
                            "position": {
                              "basis": "350px",
                              "grow": 1
                            },
                            "propConfig": {
                              "props.value": {
                                "binding": {
                                  "config": {
                                    "fallbackDelay": 2.5,
                                    "mode": "direct",
                                    "tagPath": "[Sample_Tags]Sine/Sine8"
                                  },
                                  "type": "tag"
                                }
                              }
                            },
                            "props": {
                              "bar": {
                                "color": "--infoSecondary"
                              },
                              "max": 89,
                              "min": 66,
                              "style": {
                                "borderStyle": "none",
                                "marginBottom": "5px",
                                "outlineStyle": "none"
                              },
                              "track": {
                                "color": "--neutral-30"
                              }
                            },
                            "type": "ia.display.progress"
                          },
                          {
                            "children": [
                              {
                                "meta": {
                                  "name": "Checkbox"
                                },
                                "position": {
                                  "basis": "150px",
                                  "shrink": 0
                                },
                                "propConfig": {
                                  "props.text": {
                                    "binding": {
                                      "config": {
                                        "path": "this.props.selected"
                                      },
                                      "transforms": [
                                        {
                                          "fallback": "Indeterminate",
                                          "inputType": "scalar",
                                          "mappings": [
                                            {
                                              "input": true,
                                              "output": "Selected"
                                            },
                                            {
                                              "input": false,
                                              "output": "Unselected"
                                            }
                                          ],
                                          "outputType": "scalar",
                                          "type": "map"
                                        }
                                      ],
                                      "type": "property"
                                    }
                                  }
                                },
                                "props": {
                                  "checkedIcon": {
                                    "color": {
                                      "enabled": "--qual-7"
                                    }
                                  },
                                  "indeterminateIcon": {
                                    "color": {
                                      "enabled": "--warning"
                                    }
                                  },
                                  "selected": null,
                                  "style": {
                                    "marginLeft": "10px",
                                    "marginRight": "10px"
                                  },
                                  "triState": true,
                                  "uncheckedIcon": {
                                    "color": {
                                      "enabled": "--callToAction--disabled"
                                    }
                                  }
                                },
                                "type": "ia.input.checkbox"
                              },
                              {
                                "meta": {
                                  "name": "Text Field"
                                },
                                "position": {
                                  "basis": "100px",
                                  "grow": 1
                                },
                                "props": {
                                  "placeholder": "Enter text",
                                  "style": {
                                    "marginLeft": "10px",
                                    "marginRight": "10px"
                                  }
                                },
                                "type": "ia.input.text-field"
                              }
                            ],
                            "meta": {
                              "name": "Checkbox Text"
                            },
                            "position": {
                              "basis": "350px",
                              "grow": 1
                            },
                            "type": "ia.container.flex"
                          },
                          {
                            "children": [
                              {
                                "meta": {
                                  "name": "Slider"
                                },
                                "position": {
                                  "basis": "100px",
                                  "grow": 1
                                },
                                "props": {
                                  "handleColor": "--seq-2",
                                  "railColor": "--neutral-90",
                                  "style": {
                                    "marginLeft": "10px",
                                    "marginRight": "10px"
                                  },
                                  "trackColor": "--seq-2",
                                  "value": 41
                                },
                                "type": "ia.input.slider"
                              },
                              {
                                "meta": {
                                  "name": "Toggle Switch"
                                },
                                "position": {
                                  "basis": "50px"
                                },
                                "props": {
                                  "color": {
                                    "selected": "--indicator",
                                    "unselected": "--indicatorOff"
                                  }
                                },
                                "type": "ia.input.toggle-switch"
                              }
                            ],
                            "meta": {
                              "name": "Slider Toggle"
                            },
                            "position": {
                              "basis": "350px",
                              "grow": 1
                            },
                            "type": "ia.container.flex"
                          }
                        ],
                        "meta": {
                          "name": "Examples"
                        },
                        "position": {
                          "basis": "130px",
                          "shrink": 0
                        },
                        "props": {
                          "justify": "space-around",
                          "style": {
                            "backgroundColor": "--neutral-40",
                            "borderColor": "--neutral-100",
                            "borderStyle": "solid",
                            "borderWidth": "1px",
                            "overflow": "visible",
                            "padding": "5px"
                          },
                          "wrap": "wrap"
                        },
                        "type": "ia.container.flex"
                      },
                      {
                        "children": [
                          {
                            "meta": {
                              "name": "Time Series Chart"
                            },
                            "position": {
                              "basis": "491px"
                            },
                            "props": {
                              "defaultStyles": {
                                "colorScheme": "Accent"
                              },
                              "series": [
                                {
                                  "data": [
                                    {
                                      "Pressure": 12,
                                      "Temperature": 52,
                                      "time": 1560469431423
                                    },
                                    {
                                      "Pressure": 42,
                                      "Temperature": 18,
                                      "time": 1560469432423
                                    },
                                    {
                                      "Pressure": 81,
                                      "Temperature": 26,
                                      "time": 1560469433423
                                    },
                                    {
                                      "Pressure": 11,
                                      "Temperature": 63,
                                      "time": 1560469434423
                                    },
                                    {
                                      "Pressure": 23,
                                      "Temperature": 65,
                                      "time": 1560469435423
                                    },
                                    {
                                      "Pressure": 43,
                                      "Temperature": 12,
                                      "time": 1560469436423
                                    },
                                    {
                                      "Pressure": 71,
                                      "Temperature": 61,
                                      "time": 1560469437423
                                    },
                                    {
                                      "Pressure": 89,
                                      "Temperature": 60,
                                      "time": 1560469438423
                                    },
                                    {
                                      "Pressure": 66,
                                      "Temperature": 58,
                                      "time": 1560469439423
                                    },
                                    {
                                      "Pressure": 33,
                                      "Temperature": 1,
                                      "time": 1560469440423
                                    }
                                  ],
                                  "name": "Boiler"
                                }
                              ]
                            },
                            "type": "ia.chart.timeseries"
                          }
                        ],
                        "meta": {
                          "name": "Chart"
                        },
                        "position": {
                          "basis": "200px",
                          "shrink": 0
                        },
                        "type": "ia.container.flex"
                      },
                      {
                        "children": [
                          {
                            "meta": {
                              "name": "Table"
                            },
                            "position": {
                              "grow": 1
                            },
                            "props": {
                              "data": [
                                {
                                  "city": {
                                    "align": "center",
                                    "editable": true,
                                    "justify": "left",
                                    "style": {
                                      "backgroundColor": "#F7901D",
                                      "classes": "some-class"
                                    },
                                    "value": "Folsom"
                                  },
                                  "country": "United States",
                                  "population": 77271
                                },
                                {
                                  "city": "Helsinki",
                                  "country": "Finland",
                                  "population": 635591
                                },
                                {
                                  "city": "Jakarta",
                                  "country": "Indonesia",
                                  "population": 10187595
                                },
                                {
                                  "city": "Madrid",
                                  "country": "Spain",
                                  "population": 3233527
                                },
                                {
                                  "city": "Prague",
                                  "country": "Czech Republic",
                                  "population": 1241664
                                },
                                {
                                  "city": "San Diego",
                                  "country": "United States",
                                  "population": 1406630
                                },
                                {
                                  "city": "San Francisco",
                                  "country": "United States",
                                  "population": 884363
                                },
                                {
                                  "city": "Shanghai",
                                  "country": "China",
                                  "population": 24153000
                                },
                                {
                                  "city": "Tokyo",
                                  "country": "Japan",
                                  "population": 13617000
                                },
                                {
                                  "city": "Washington, DC",
                                  "country": "United States",
                                  "population": 658893
                                },
                                {
                                  "city": "Wellington",
                                  "country": "New Zealand",
                                  "population": 405000
                                },
                                {
                                  "city": "Delhi",
                                  "country": "India",
                                  "population": 11034555
                                },
                                {
                                  "city": "Dhaka",
                                  "country": "Bangladesh",
                                  "population": 14399000
                                },
                                {
                                  "city": "Lagos",
                                  "country": "Nigeria",
                                  "population": 16060303
                                },
                                {
                                  "city": "Karachi",
                                  "country": "Pakistan",
                                  "population": 14910352
                                },
                                {
                                  "city": "Istanbul",
                                  "country": "Turkey",
                                  "population": 14025000
                                },
                                {
                                  "city": "Cairo",
                                  "country": "Egypt",
                                  "population": 10230350
                                },
                                {
                                  "city": "Mexico City",
                                  "country": "Mexico",
                                  "population": 8974724
                                },
                                {
                                  "city": "London",
                                  "country": "United Kingdom",
                                  "population": 8825001
                                },
                                {
                                  "city": "New York City",
                                  "country": "United States",
                                  "population": 8622698
                                },
                                {
                                  "city": "Tehran",
                                  "country": "Iran",
                                  "population": 8154051
                                },
                                {
                                  "city": "Bogota",
                                  "country": "Colombia",
                                  "population": 7878783
                                },
                                {
                                  "city": "Rio de Janeiro",
                                  "country": "Brazil",
                                  "population": 6429923
                                },
                                {
                                  "city": "Riyadh",
                                  "country": "Saudi Arabia",
                                  "population": 5676621
                                },
                                {
                                  "city": "Singapore",
                                  "country": "Singapore",
                                  "population": 5535000
                                },
                                {
                                  "city": "Saint Petersburg",
                                  "country": "Russia",
                                  "population": 5191690
                                },
                                {
                                  "city": "Sydney",
                                  "country": "Australia",
                                  "population": 208374
                                },
                                {
                                  "city": "Abidjan",
                                  "country": "Ivory Coast",
                                  "population": 4765000
                                },
                                {
                                  "city": "Dar es Salaam",
                                  "country": "Tanzania",
                                  "population": 4364541
                                },
                                {
                                  "city": "Wellington",
                                  "country": "New Zealand",
                                  "population": 405000
                                },
                                {
                                  "city": "Los Angeles",
                                  "country": "United States",
                                  "population": 3884307
                                },
                                {
                                  "city": "Berlin",
                                  "country": "Germany",
                                  "population": 3517424
                                },
                                {
                                  "city": "Jeddah",
                                  "country": "Saudi Arabia",
                                  "population": 3456259
                                },
                                {
                                  "city": "Kabul",
                                  "country": "Afghanistan",
                                  "population": 3414100
                                },
                                {
                                  "city": "Mashhad",
                                  "country": "Iran",
                                  "population": 3001184
                                },
                                {
                                  "city": "Milan",
                                  "country": "Italy",
                                  "population": 1359905
                                },
                                {
                                  "city": "Kiev",
                                  "country": "Ukraine",
                                  "population": 2908703
                                },
                                {
                                  "city": "Rome",
                                  "country": "Italy",
                                  "population": 2877215
                                },
                                {
                                  "city": "Chicago",
                                  "country": "United States",
                                  "population": 2695598
                                },
                                {
                                  "city": "Osaka",
                                  "country": "Japan",
                                  "population": 2691742
                                },
                                {
                                  "city": "Bandung",
                                  "country": "Indonesia",
                                  "population": 2575478
                                },
                                {
                                  "city": "Managua",
                                  "country": "Nicaragua",
                                  "population": 2560789
                                },
                                {
                                  "city": "Paris",
                                  "country": "France",
                                  "population": 2229621
                                },
                                {
                                  "city": "Shiraz",
                                  "country": "Iran",
                                  "population": 1869001
                                },
                                {
                                  "city": "Manila",
                                  "country": "Philippines",
                                  "population": 1780148
                                },
                                {
                                  "city": "Montreal",
                                  "country": "Canada",
                                  "population": 1649519
                                },
                                {
                                  "city": "Guadalajara",
                                  "country": "Mexico",
                                  "population": 1495189
                                },
                                {
                                  "city": "Dallas",
                                  "country": "United States",
                                  "population": 1317929
                                },
                                {
                                  "city": "Yerevan",
                                  "country": "Armenia",
                                  "population": 1060138
                                },
                                {
                                  "city": "Tunis",
                                  "country": "Tunisia",
                                  "population": 1056247
                                }
                              ]
                            },
                            "type": "ia.display.table"
                          }
                        ],
                        "meta": {
                          "name": "Table"
                        },
                        "position": {
                          "basis": "200px",
                          "shrink": 0
                        },
                        "type": "ia.container.flex"
                      }
                    ],
                    "meta": {
                      "name": "Flex Container"
                    },
                    "position": {
                      "basis": "350px",
                      "grow": 1
                    },
                    "props": {
                      "direction": "column",
                      "justify": "space-evenly"
                    },
                    "type": "ia.container.flex"
                  }
                ],
                "meta": {
                  "name": "Flex Small"
                },
                "type": "ia.container.flex"
              }
            ],
            "meta": {
              "name": "Themes Breakpoint"
            },
            "position": {
              "basis": "650px",
              "shrink": 0
            },
            "type": "ia.container.breakpt"
          }
        ],
        "meta": {
          "name": "Flex Container"
        },
        "position": {
          "grow": 1
        },
        "props": {
          "direction": "column",
          "style": {
            "classes": "layouts/ignition-101-margin"
          }
        },
        "type": "ia.container.flex"
      },
      {
        "meta": {
          "name": "Path"
        },
        "position": {
          "basis": "32px",
          "shrink": 0
        },
        "props": {
          "style": {
            "backgroundColor": "var(--info)",
            "color": "var(--neutral-10)",
            "fontSize": "12px"
          },
          "text": "Open this view in the Designer: Ignition 101/Feature Views/Perspective Features/Themes Styles",
          "textStyle": {
            "fontWeight": "500",
            "textAlign": "center"
          }
        },
        "type": "ia.display.label"
      }
    ],
    "meta": {
      "name": "root"
    },
    "props": {
      "direction": "column",
      "justify": "space-between"
    },
    "type": "ia.container.flex"
  }
}