{
  "custom": {},
  "params": {},
  "props": {
    "defaultSize": {
      "height": 900,
      "width": 260
    }
  },
  "root": {
    "children": [
      {
        "meta": {
          "name": "Accordion"
        },
        "position": {
          "basis": "256px",
          "grow": 1,
          "shrink": 0
        },
        "props": {
          "items": [
            {
              "body": {
                "height": "auto",
                "style": {
                  "classes": "",
                  "margin": 0
                },
                "useDefaultViewHeight": true,
                "useDefaultViewWidth": false,
                "viewParams": {},
                "viewPath": "Ignition 101/Nav/Home"
              },
              "expanded": true,
              "header": {
                "content": {
                  "style": {
                    "classes": ""
                  },
                  "text": "Home",
                  "type": "text",
                  "useDefaultViewHeight": false,
                  "useDefaultViewWidth": false,
                  "viewParams": {},
                  "viewPath": ""
                },
                "height": "40px",
                "reverse": false,
                "style": {
                  "classes": "typography/list-heading"
                },
                "toggle": {
                  "collapsedIcon": {
                    "color": "",
                    "path": "material/expand_more",
                    "style": {
                      "classes": ""
                    }
                  },
                  "enabled": true,
                  "expandedIcon": {
                    "color": "",
                    "path": "material/expand_less",
                    "style": {
                      "classes": ""
                    }
                  }
                }
              }
            },
            {
              "body": {
                "height": "auto",
                "style": {
                  "classes": "",
                  "margin": 0
                },
                "useDefaultViewHeight": true,
                "useDefaultViewWidth": false,
                "viewParams": {},
                "viewPath": "Ignition 101/Nav/Application"
              },
              "expanded": true,
              "header": {
                "content": {
                  "style": {
                    "classes": ""
                  },
                  "text": "Application",
                  "type": "text",
                  "useDefaultViewHeight": false,
                  "useDefaultViewWidth": false,
                  "viewParams": {},
                  "viewPath": ""
                },
                "height": "40px",
                "reverse": false,
                "style": {
                  "classes": "typography/list-heading"
                },
                "toggle": {
                  "collapsedIcon": {
                    "color": "",
                    "path": "material/expand_more",
                    "style": {
                      "classes": ""
                    }
                  },
                  "enabled": true,
                  "expandedIcon": {
                    "color": "",
                    "path": "material/expand_less",
                    "style": {
                      "classes": ""
                    }
                  }
                }
              }
            },
            {
              "body": {
                "height": "auto",
                "style": {
                  "classes": "",
                  "margin": "0px"
                },
                "useDefaultViewHeight": true,
                "useDefaultViewWidth": false,
                "viewParams": {},
                "viewPath": "Ignition 101/Nav/Perspective Features"
              },
              "expanded": true,
              "header": {
                "content": {
                  "style": {
                    "classes": ""
                  },
                  "text": "Perspective Features",
                  "type": "text",
                  "useDefaultViewHeight": false,
                  "useDefaultViewWidth": false,
                  "viewParams": {},
                  "viewPath": ""
                },
                "height": "40px",
                "reverse": false,
                "style": {
                  "classes": "typography/list-heading"
                },
                "toggle": {
                  "collapsedIcon": {
                    "color": "",
                    "path": "material/expand_more",
                    "style": {
                      "classes": ""
                    }
                  },
                  "enabled": true,
                  "expandedIcon": {
                    "color": "",
                    "path": "material/expand_less",
                    "style": {
                      "classes": ""
                    }
                  }
                }
              }
            }
          ],
          "style": {
            "borderBottom": "none",
            "borderTop": "none"
          }
        },
        "type": "ia.display.accordion"
      }
    ],
    "meta": {
      "name": "root"
    },
    "props": {
      "direction": "column"
    },
    "type": "ia.container.flex"
  }
}