{
  "custom": {},
  "params": {
    "value": ""
  },
  "propConfig": {
    "params.value": {
      "paramDirection": "input",
      "persistent": true
    }
  },
  "props": {
    "defaultSize": {
      "height": 73,
      "width": 246
    }
  },
  "root": {
    "children": [
      {
        "meta": {
          "name": "Label"
        },
        "position": {
          "grow": 1,
          "shrink": 0
        },
        "propConfig": {
          "props.text": {
            "binding": {
              "config": {
                "expression": "\"Your selected data:\""
              },
              "type": "expr"
            }
          }
        },
        "props": {
          "style": {
            "textAlign": "center"
          }
        },
        "type": "ia.display.label"
      },
      {
        "meta": {
          "name": "Text Area"
        },
        "position": {
          "basis": "160px",
          "grow": 1
        },
        "propConfig": {
          "props.text": {
            "binding": {
              "config": {
                "path": "view.params.value"
              },
              "type": "property"
            }
          }
        },
        "type": "ia.input.text-area"
      }
    ],
    "meta": {
      "name": "root"
    },
    "props": {
      "direction": "column"
    },
    "type": "ia.container.flex"
  }
}