{
  "custom": {},
  "params": {},
  "props": {
    "defaultSize": {
      "width": 1200
    }
  },
  "root": {
    "children": [
      {
        "meta": {
          "name": "Title"
        },
        "position": {
          "basis": "56px",
          "shrink": 0
        },
        "props": {
          "style": {
            "classes": "framework/hyperlink framework/page-title"
          },
          "target": "tab",
          "text": "Markdown",
          "url": "https://links.inductiveautomation.com/81-perspective-comp-markdown"
        },
        "type": "ia.navigation.link"
      },
      {
        "meta": {
          "name": "Label"
        },
        "props": {
          "style": {
            "marginBottom": "32px"
          },
          "text": "The Markdown component allows users to format any type of text so it is publishable as plain text without looking like it\u0027s been marked up with tags or formatting instructions. "
        },
        "type": "ia.display.label"
      },
      {
        "children": [
          {
            "children": [
              {
                "meta": {
                  "name": "Markdown"
                },
                "position": {
                  "basis": "300px"
                },
                "props": {
                  "source": "Welcome to _Markdown_",
                  "style": {
                    "marginBottom": "32px"
                  }
                },
                "type": "ia.display.markdown"
              },
              {
                "meta": {
                  "name": "Icon"
                },
                "position": {
                  "basis": "35px"
                },
                "props": {
                  "path": "material/arrow_upward"
                },
                "type": "ia.display.icon"
              },
              {
                "meta": {
                  "name": "Help Text"
                },
                "position": {
                  "basis": "87px"
                },
                "props": {
                  "alignVertical": "top",
                  "style": {
                    "textAlign": "center"
                  },
                  "text": "The Markdown component provides is a lightweight formatting language which is easy to write and easy to read. Markdown\u0027s formatting syntax only addresses issues that can be conveyed in plain text."
                },
                "type": "ia.display.label"
              }
            ],
            "meta": {
              "name": "Component Instance 1"
            },
            "position": {
              "basis": "300px"
            },
            "props": {
              "direction": "column",
              "style": {
                "overflow": "visible",
                "paddingBottom": "75px"
              }
            },
            "type": "ia.container.flex"
          },
          {
            "children": [
              {
                "meta": {
                  "name": "Markdown"
                },
                "position": {
                  "basis": "375px"
                },
                "props": {
                  "markdown": {
                    "escapeHtml": false
                  },
                  "source": "MARKDOWN source:  \nMarkdown **[ basic syntax](https://www.markdownguide.org/basic-syntax/)** link.  From \u003chttps://www.markdownguide.org\u003e.\n\nText formatting examples: \n# Heading 1 \n## Heading 2 \n### Heading 3\n ** Bold text**   \n*Italic text*   \n***Bold and Italic text***  \nLine of plain text  Many other formatting options are listed online.",
                  "style": {
                    "marginBottom": "32px"
                  }
                },
                "type": "ia.display.markdown"
              },
              {
                "meta": {
                  "name": "Icon"
                },
                "position": {
                  "basis": "35px"
                },
                "props": {
                  "path": "material/arrow_upward"
                },
                "type": "ia.display.icon"
              },
              {
                "meta": {
                  "name": "Help Text"
                },
                "position": {
                  "basis": "87px"
                },
                "props": {
                  "alignVertical": "top",
                  "style": {
                    "textAlign": "center"
                  },
                  "text": "Check out this example of the Markdown component that has several examples of text styling and formatting in the source property."
                },
                "type": "ia.display.label"
              }
            ],
            "meta": {
              "name": "Component Instance 2"
            },
            "position": {
              "basis": "800px"
            },
            "props": {
              "direction": "column",
              "style": {
                "overflow": "visible"
              }
            },
            "type": "ia.container.flex"
          }
        ],
        "meta": {
          "name": "Flex Container"
        },
        "position": {
          "basis": "200px",
          "grow": 1
        },
        "props": {
          "justify": "space-evenly",
          "wrap": "wrap"
        },
        "type": "ia.container.flex"
      }
    ],
    "meta": {
      "name": "root"
    },
    "props": {
      "direction": "column",
      "wrap": "wrap"
    },
    "type": "ia.container.flex"
  }
}