{
  "custom": {},
  "params": {
    "text": "value"
  },
  "propConfig": {
    "params.text": {
      "paramDirection": "input",
      "persistent": true
    }
  },
  "props": {
    "defaultSize": {
      "height": 161,
      "width": 598
    }
  },
  "root": {
    "children": [
      {
        "meta": {
          "name": "Label"
        },
        "position": {
          "basis": "150px",
          "shrink": 0
        },
        "propConfig": {
          "props.text": {
            "binding": {
              "config": {
                "path": "view.params.text"
              },
              "type": "property"
            }
          }
        },
        "props": {
          "style": {
            "classes": "components/view-instance",
            "margin": 5
          }
        },
        "type": "ia.display.label"
      }
    ],
    "meta": {
      "name": "root"
    },
    "props": {
      "direction": "column"
    },
    "type": "ia.container.flex"
  }
}