{
  "custom": {},
  "params": {},
  "props": {},
  "root": {
    "children": [
      {
        "meta": {
          "name": "Title"
        },
        "position": {
          "basis": "56px",
          "shrink": 0
        },
        "props": {
          "style": {
            "classes": "framework/hyperlink framework/page-title"
          },
          "target": "tab",
          "text": "Label",
          "url": "https://links.inductiveautomation.com/81-perspective-comp-label"
        },
        "type": "ia.navigation.link"
      },
      {
        "meta": {
          "name": "Label"
        },
        "props": {
          "style": {
            "marginBottom": "32px"
          },
          "text": "The Label component displays text and can be customized with a full menu of style options for the appearance of text, background, border, color, etc. You can use bindings to display additional information on the Label component."
        },
        "type": "ia.display.label"
      },
      {
        "children": [
          {
            "children": [
              {
                "meta": {
                  "name": "Label"
                },
                "position": {
                  "basis": "32px"
                },
                "props": {
                  "style": {
                    "marginBottom": "108px"
                  },
                  "text": "Label"
                },
                "type": "ia.display.label"
              },
              {
                "meta": {
                  "name": "Icon"
                },
                "position": {
                  "basis": "35px"
                },
                "props": {
                  "path": "material/arrow_upward"
                },
                "type": "ia.display.icon"
              },
              {
                "meta": {
                  "name": "Help Text"
                },
                "position": {
                  "basis": "87px"
                },
                "props": {
                  "alignVertical": "top",
                  "style": {
                    "textAlign": "center"
                  },
                  "text": "The Label component can be used to display text. Simply alter the Label component\u0027s text property to the text you want to display."
                },
                "type": "ia.display.label"
              }
            ],
            "meta": {
              "name": "Component Instance 1"
            },
            "position": {
              "basis": "200px"
            },
            "props": {
              "direction": "column",
              "style": {
                "overflow": "visible",
                "paddingBottom": "120px"
              }
            },
            "type": "ia.container.flex"
          },
          {
            "children": [
              {
                "meta": {
                  "name": "Label"
                },
                "position": {
                  "basis": "100px"
                },
                "props": {
                  "style": {
                    "marginBottom": "32px"
                  },
                  "text": "Label"
                },
                "type": "ia.display.label"
              },
              {
                "meta": {
                  "name": "Icon"
                },
                "position": {
                  "basis": "35px"
                },
                "props": {
                  "path": "material/arrow_upward"
                },
                "type": "ia.display.icon"
              },
              {
                "meta": {
                  "name": "Help Text"
                },
                "position": {
                  "basis": "87px"
                },
                "props": {
                  "alignVertical": "top",
                  "style": {
                    "textAlign": "center"
                  },
                  "text": "Note that aside from the alignVertical property (aligns the text to the top, center, or bottom of the label) all format options will be set with styles, including the horizontal alignment."
                },
                "type": "ia.display.label"
              }
            ],
            "meta": {
              "name": "Component Instance 2"
            },
            "position": {
              "basis": "200px"
            },
            "props": {
              "direction": "column",
              "style": {
                "overflow": "visible",
                "paddingBottom": "120px"
              }
            },
            "type": "ia.container.flex"
          },
          {
            "children": [
              {
                "meta": {
                  "name": "Label"
                },
                "position": {
                  "basis": "60px"
                },
                "props": {
                  "style": {
                    "backgroundColor": "#555555",
                    "borderBottomLeftRadius": 40,
                    "borderBottomRightRadius": 40,
                    "borderColor": "#1EB2F2",
                    "borderStyle": "solid",
                    "borderTopLeftRadius": 40,
                    "borderTopRightRadius": 40,
                    "color": "#1EB2F2",
                    "fontSize": 24,
                    "fontWeight": "bold",
                    "marginBottom": "72px",
                    "textAlign": "center"
                  },
                  "text": "Label"
                },
                "type": "ia.display.label"
              },
              {
                "meta": {
                  "name": "Icon"
                },
                "position": {
                  "basis": "35px"
                },
                "props": {
                  "path": "material/arrow_upward"
                },
                "type": "ia.display.icon"
              },
              {
                "meta": {
                  "name": "Help Text"
                },
                "position": {
                  "basis": "87px"
                },
                "props": {
                  "alignVertical": "top",
                  "style": {
                    "textAlign": "center"
                  },
                  "text": "Use styles to adjust the font, color, and borders of the Label component."
                },
                "type": "ia.display.label"
              }
            ],
            "meta": {
              "name": "Component Instance 3"
            },
            "position": {
              "basis": "200px"
            },
            "props": {
              "direction": "column",
              "style": {
                "overflow": "visible"
              }
            },
            "type": "ia.container.flex"
          }
        ],
        "meta": {
          "name": "Flex Container"
        },
        "position": {
          "basis": "200px",
          "grow": 1
        },
        "props": {
          "justify": "space-evenly",
          "wrap": "wrap"
        },
        "type": "ia.container.flex"
      }
    ],
    "meta": {
      "name": "root"
    },
    "props": {
      "direction": "column",
      "wrap": "wrap"
    },
    "type": "ia.container.flex"
  }
}