{
  "custom": {},
  "params": {},
  "props": {},
  "root": {
    "children": [
      {
        "meta": {
          "name": "Title"
        },
        "position": {
          "basis": "56px",
          "shrink": 0
        },
        "props": {
          "style": {
            "classes": "framework/hyperlink framework/page-title"
          },
          "target": "tab",
          "text": "Linear Scale",
          "url": "https://links.inductiveautomation.com/81-perspective-comp-linear-scale"
        },
        "type": "ia.navigation.link"
      },
      {
        "meta": {
          "name": "Label"
        },
        "props": {
          "style": {
            "marginBottom": "32px"
          },
          "text": "The Linear Scale component displays a series of tick marks and labels that represent a range between a minimum value and a maximum value. It also displays indicators that represent a value or range of values, correctly positioned on the linear scale."
        },
        "type": "ia.display.label"
      },
      {
        "children": [
          {
            "children": [
              {
                "meta": {
                  "name": "Linear Scale"
                },
                "position": {
                  "basis": "318px"
                },
                "props": {
                  "indicators": [
                    {
                      "color": "",
                      "extent": 15,
                      "indicatorStyle": "range",
                      "label": "High",
                      "labelAngle": 270,
                      "labelColor": "",
                      "length": 25,
                      "opacity": 0.4,
                      "stroke": 1.5,
                      "value": 85
                    },
                    {
                      "color": "",
                      "extent": 2,
                      "indicatorStyle": "wedge",
                      "label": "Low",
                      "labelAngle": 270,
                      "labelColor": "",
                      "length": 25,
                      "opacity": 1,
                      "stroke": 2,
                      "value": 20
                    }
                  ],
                  "style": {
                    "marginBottom": "32px"
                  }
                },
                "type": "ia.display.linear-scale"
              },
              {
                "meta": {
                  "name": "Icon"
                },
                "position": {
                  "basis": "35px"
                },
                "props": {
                  "path": "material/arrow_upward"
                },
                "type": "ia.display.icon"
              },
              {
                "meta": {
                  "name": "Help Text"
                },
                "position": {
                  "basis": "87px"
                },
                "props": {
                  "alignVertical": "top",
                  "style": {
                    "textAlign": "center"
                  },
                  "text": "The Linear Scale component displays a series of tick marks and labels that represent a range between a minimum value and a maximum value."
                },
                "type": "ia.display.label"
              }
            ],
            "meta": {
              "name": "Component Instance 1"
            },
            "position": {
              "basis": "200px"
            },
            "props": {
              "direction": "column",
              "style": {
                "overflow": "visible",
                "paddingBottom": "120px"
              }
            },
            "type": "ia.container.flex"
          },
          {
            "children": [
              {
                "meta": {
                  "name": "Linear Scale"
                },
                "position": {
                  "basis": "318px"
                },
                "props": {
                  "indicators": [
                    {
                      "color": "",
                      "extent": 15,
                      "indicatorStyle": "range",
                      "label": "High",
                      "labelAngle": 270,
                      "labelColor": "",
                      "length": 25,
                      "opacity": 0.4,
                      "stroke": 1.5,
                      "value": 85
                    },
                    {
                      "color": "",
                      "extent": 2,
                      "indicatorStyle": "wedge",
                      "label": "Low",
                      "labelAngle": 270,
                      "labelColor": "",
                      "length": 25,
                      "opacity": 1,
                      "stroke": 2,
                      "value": 20
                    }
                  ],
                  "minValue": 50,
                  "style": {
                    "marginBottom": "32px"
                  }
                },
                "type": "ia.display.linear-scale"
              },
              {
                "meta": {
                  "name": "Icon"
                },
                "position": {
                  "basis": "35px"
                },
                "props": {
                  "path": "material/arrow_upward"
                },
                "type": "ia.display.icon"
              },
              {
                "meta": {
                  "name": "Help Text"
                },
                "position": {
                  "basis": "87px"
                },
                "props": {
                  "alignVertical": "top",
                  "style": {
                    "textAlign": "center"
                  },
                  "text": "Alter the Linear Scale component\u0027s minValue and maxValue properties to set the range to be displayed. This example Linear Scale has it\u0027s minValue changed from 0 to 50."
                },
                "type": "ia.display.label"
              }
            ],
            "meta": {
              "name": "Component Instance 2"
            },
            "position": {
              "basis": "200px"
            },
            "props": {
              "direction": "column",
              "style": {
                "overflow": "visible",
                "paddingBottom": "120px"
              }
            },
            "type": "ia.container.flex"
          },
          {
            "children": [
              {
                "meta": {
                  "name": "Linear Scale"
                },
                "position": {
                  "basis": "318px"
                },
                "props": {
                  "indicators": [
                    {
                      "color": "",
                      "extent": 15,
                      "indicatorStyle": "range",
                      "label": "High",
                      "labelAngle": 270,
                      "labelColor": "",
                      "length": 25,
                      "opacity": 0.4,
                      "stroke": 1.5,
                      "value": 85
                    },
                    {
                      "color": "",
                      "extent": 2,
                      "indicatorStyle": "line",
                      "label": "High Low",
                      "labelAngle": 270,
                      "labelColor": "",
                      "length": 25,
                      "opacity": 1,
                      "stroke": 2,
                      "value": 20
                    }
                  ],
                  "mirror": true,
                  "style": {
                    "marginBottom": "32px"
                  }
                },
                "type": "ia.display.linear-scale"
              },
              {
                "meta": {
                  "name": "Icon"
                },
                "position": {
                  "basis": "35px"
                },
                "props": {
                  "path": "material/arrow_upward"
                },
                "type": "ia.display.icon"
              },
              {
                "meta": {
                  "name": "Help Text"
                },
                "position": {
                  "basis": "87px"
                },
                "props": {
                  "alignVertical": "top",
                  "style": {
                    "textAlign": "center"
                  },
                  "text": "The Linear Scale component\u0027s mirror property can be used to adjust which side of the component the scale itself resides on."
                },
                "type": "ia.display.label"
              }
            ],
            "meta": {
              "name": "Component Instance 3"
            },
            "position": {
              "basis": "200px"
            },
            "props": {
              "direction": "column",
              "style": {
                "overflow": "visible",
                "paddingBottom": "20px"
              }
            },
            "type": "ia.container.flex"
          }
        ],
        "meta": {
          "name": "Flex Container"
        },
        "position": {
          "basis": "200px",
          "grow": 1
        },
        "props": {
          "justify": "space-evenly",
          "wrap": "wrap"
        },
        "type": "ia.container.flex"
      }
    ],
    "meta": {
      "name": "root"
    },
    "props": {
      "direction": "column",
      "wrap": "wrap"
    },
    "type": "ia.container.flex"
  }
}