{
  "custom": {},
  "params": {},
  "props": {
    "defaultSize": {
      "width": 1053
    }
  },
  "root": {
    "children": [
      {
        "meta": {
          "name": "Title"
        },
        "position": {
          "basis": "56px",
          "shrink": 0
        },
        "props": {
          "style": {
            "classes": "framework/hyperlink framework/page-title"
          },
          "target": "tab",
          "text": "Progress",
          "url": "https://links.inductiveautomation.com/81-perspective-comp-progress"
        },
        "type": "ia.navigation.link"
      },
      {
        "meta": {
          "name": "Label"
        },
        "props": {
          "style": {
            "marginBottom": "48px"
          },
          "text": "The Progress bar visually indicates the progress of a task."
        },
        "type": "ia.display.label"
      },
      {
        "children": [
          {
            "children": [
              {
                "meta": {
                  "name": "Progress"
                },
                "position": {
                  "basis": "20px"
                },
                "props": {
                  "style": {
                    "marginBottom": "32px"
                  },
                  "value": 75,
                  "valueDisplay": {
                    "enabled": true
                  }
                },
                "type": "ia.display.progress"
              },
              {
                "meta": {
                  "name": "Icon"
                },
                "position": {
                  "basis": "35px"
                },
                "props": {
                  "path": "material/arrow_upward"
                },
                "type": "ia.display.icon"
              },
              {
                "meta": {
                  "name": "Help Text"
                },
                "position": {
                  "basis": "87px"
                },
                "props": {
                  "alignVertical": "top",
                  "style": {
                    "textAlign": "center"
                  },
                  "text": "Use the valueDisplay --\u003e enabled property to display the value within the progress bar."
                },
                "type": "ia.display.label"
              }
            ],
            "meta": {
              "name": "Component Instance 1"
            },
            "position": {
              "basis": "200px"
            },
            "props": {
              "direction": "column"
            },
            "type": "ia.container.flex"
          },
          {
            "children": [
              {
                "meta": {
                  "name": "Progress"
                },
                "position": {
                  "basis": "20px"
                },
                "props": {
                  "bar": {
                    "color": "#00FF00"
                  },
                  "style": {
                    "marginBottom": "32px"
                  },
                  "track": {
                    "color": "#D5D5D500"
                  },
                  "value": 75,
                  "valueDisplay": {
                    "enabled": true,
                    "style": {
                      "color": "#000000"
                    }
                  }
                },
                "type": "ia.display.progress"
              },
              {
                "meta": {
                  "name": "Icon"
                },
                "position": {
                  "basis": "35px"
                },
                "props": {
                  "path": "material/arrow_upward"
                },
                "type": "ia.display.icon"
              },
              {
                "meta": {
                  "name": "Help Text"
                },
                "position": {
                  "basis": "87px"
                },
                "props": {
                  "alignVertical": "top",
                  "style": {
                    "textAlign": "center"
                  },
                  "text": "The color of the filled portion of the progress bar can be customized with the bar--\u003ecolor property."
                },
                "type": "ia.display.label"
              }
            ],
            "meta": {
              "name": "Component Instance 2"
            },
            "position": {
              "basis": "200px"
            },
            "props": {
              "direction": "column"
            },
            "type": "ia.container.flex"
          },
          {
            "children": [
              {
                "meta": {
                  "name": "Progress"
                },
                "position": {
                  "basis": "20px"
                },
                "props": {
                  "bar": {
                    "color": "#00FF00"
                  },
                  "style": {
                    "marginBottom": "32px"
                  },
                  "track": {
                    "color": "#808080"
                  },
                  "value": 75,
                  "valueDisplay": {
                    "enabled": true,
                    "style": {
                      "color": "#000000"
                    }
                  }
                },
                "type": "ia.display.progress"
              },
              {
                "meta": {
                  "name": "Icon"
                },
                "position": {
                  "basis": "35px"
                },
                "props": {
                  "path": "material/arrow_upward"
                },
                "type": "ia.display.icon"
              },
              {
                "meta": {
                  "name": "Help Text"
                },
                "position": {
                  "basis": "87px"
                },
                "props": {
                  "alignVertical": "top",
                  "style": {
                    "textAlign": "center"
                  },
                  "text": "The color of the unfilled portion of the progress bar can be customized with the track--\u003ecolor property."
                },
                "type": "ia.display.label"
              }
            ],
            "meta": {
              "name": "Component Instance 3"
            },
            "position": {
              "basis": "200px"
            },
            "props": {
              "direction": "column"
            },
            "type": "ia.container.flex"
          }
        ],
        "meta": {
          "name": "Flex Container"
        },
        "position": {
          "basis": "200px",
          "grow": 1
        },
        "props": {
          "justify": "space-evenly",
          "wrap": "wrap"
        },
        "type": "ia.container.flex"
      }
    ],
    "meta": {
      "name": "root"
    },
    "props": {
      "direction": "column",
      "wrap": "wrap"
    },
    "type": "ia.container.flex"
  }
}