{
  "custom": {},
  "params": {},
  "props": {},
  "root": {
    "children": [
      {
        "meta": {
          "name": "Title"
        },
        "position": {
          "basis": "56px",
          "shrink": 0
        },
        "props": {
          "style": {
            "classes": "framework/hyperlink framework/page-title"
          },
          "target": "tab",
          "text": "Image",
          "url": "https://links.inductiveautomation.com/81-perspective-comp-image"
        },
        "type": "ia.navigation.link"
      },
      {
        "meta": {
          "name": "Label"
        },
        "props": {
          "style": {
            "marginBottom": "32px"
          },
          "text": "The Image component displays either vector or raster format images, such as a jpeg, gif, png, or svg. "
        },
        "type": "ia.display.label"
      },
      {
        "children": [
          {
            "children": [
              {
                "meta": {
                  "name": "Image"
                },
                "position": {
                  "basis": "100px"
                },
                "props": {
                  "fit": {
                    "mode": "contain"
                  }
                },
                "type": "ia.display.image"
              },
              {
                "meta": {
                  "name": "Icon"
                },
                "position": {
                  "basis": "35px"
                },
                "props": {
                  "path": "material/arrow_upward",
                  "style": {
                    "marginTop": "32px"
                  }
                },
                "type": "ia.display.icon"
              },
              {
                "meta": {
                  "name": "Help Text"
                },
                "position": {
                  "basis": "87px"
                },
                "props": {
                  "alignVertical": "top",
                  "style": {
                    "textAlign": "center"
                  },
                  "text": "Use the Image component\u0027s source property to display images from various file locations. The source property is initially blank, and no image is displayed."
                },
                "type": "ia.display.label"
              }
            ],
            "meta": {
              "name": "Component Instance 1"
            },
            "position": {
              "basis": "300px"
            },
            "props": {
              "direction": "column",
              "style": {
                "overflow": "visible",
                "padding": "20px"
              }
            },
            "type": "ia.container.flex"
          },
          {
            "children": [
              {
                "meta": {
                  "name": "Image"
                },
                "position": {
                  "basis": "100px"
                },
                "props": {
                  "fit": {
                    "mode": "contain"
                  },
                  "source": "https://inductiveautomation.com/static/images/logos/inductive-automation-logo.png"
                },
                "type": "ia.display.image"
              },
              {
                "meta": {
                  "name": "Icon"
                },
                "position": {
                  "basis": "35px"
                },
                "props": {
                  "path": "material/arrow_upward",
                  "style": {
                    "marginTop": "32px"
                  }
                },
                "type": "ia.display.icon"
              },
              {
                "meta": {
                  "name": "Help Text"
                },
                "position": {
                  "basis": "87px"
                },
                "props": {
                  "alignVertical": "top",
                  "style": {
                    "textAlign": "center"
                  },
                  "text": "The Image component\u0027s source property can be set to a web URL to display an image from a webpage. Check out this Image component\u0027s source property for a URL example."
                },
                "type": "ia.display.label"
              }
            ],
            "meta": {
              "name": "Component Instance 2"
            },
            "position": {
              "basis": "300px"
            },
            "props": {
              "direction": "column",
              "style": {
                "overflow": "visible",
                "padding": "20px"
              }
            },
            "type": "ia.container.flex"
          },
          {
            "children": [
              {
                "meta": {
                  "name": "Image"
                },
                "position": {
                  "basis": "100px"
                },
                "props": {
                  "fit": {
                    "mode": "contain"
                  },
                  "source": "/system/images/Builtin/icons/48/workstation1.png"
                },
                "type": "ia.display.image"
              },
              {
                "meta": {
                  "name": "Icon"
                },
                "position": {
                  "basis": "35px"
                },
                "props": {
                  "path": "material/arrow_upward",
                  "style": {
                    "marginTop": "32px"
                  }
                },
                "type": "ia.display.icon"
              },
              {
                "meta": {
                  "name": "Help Text"
                },
                "position": {
                  "basis": "87px"
                },
                "props": {
                  "alignVertical": "top",
                  "style": {
                    "textAlign": "center"
                  },
                  "text": "Images can be saved within Ignition using the Image Management tool."
                },
                "type": "ia.display.label"
              }
            ],
            "meta": {
              "name": "Component Instance 3"
            },
            "position": {
              "basis": "300px"
            },
            "props": {
              "direction": "column",
              "style": {
                "overflow": "visible",
                "padding": "20px"
              }
            },
            "type": "ia.container.flex"
          }
        ],
        "meta": {
          "name": "Flex Container"
        },
        "position": {
          "basis": "200px",
          "grow": 1
        },
        "props": {
          "justify": "space-evenly",
          "style": {
            "overflow": "visible"
          },
          "wrap": "wrap"
        },
        "type": "ia.container.flex"
      }
    ],
    "meta": {
      "name": "root"
    },
    "props": {
      "direction": "column",
      "justify": "space-evenly",
      "wrap": "wrap"
    },
    "type": "ia.container.flex"
  }
}