{
  "custom": {},
  "params": {
    "class": "Text",
    "display": "Here is some information",
    "icon": "error"
  },
  "propConfig": {
    "params.class": {
      "paramDirection": "input",
      "persistent": true
    },
    "params.display": {
      "paramDirection": "input",
      "persistent": true
    },
    "params.icon": {
      "paramDirection": "input",
      "persistent": true
    }
  },
  "props": {
    "defaultSize": {
      "height": 160,
      "width": 375
    }
  },
  "root": {
    "children": [
      {
        "children": [
          {
            "meta": {
              "name": "Icon"
            },
            "position": {
              "basis": "48px",
              "shrink": 0
            },
            "propConfig": {
              "props.path": {
                "binding": {
                  "config": {
                    "expression": "\"material/\" + {view.params.icon}"
                  },
                  "type": "expr"
                }
              },
              "props.style.classes": {
                "binding": {
                  "config": {
                    "expression": "\"framework/popup/\" + {view.params.class}"
                  },
                  "type": "expr"
                }
              }
            },
            "props": {
              "style": {
                "marginLeft": "10px"
              }
            },
            "type": "ia.display.icon"
          },
          {
            "meta": {
              "name": "Label"
            },
            "position": {
              "grow": 1
            },
            "propConfig": {
              "props.style.classes": {
                "binding": {
                  "config": {
                    "expression": "\"framework/popup/\" + {view.params.class}"
                  },
                  "type": "expr"
                }
              },
              "props.text": {
                "binding": {
                  "config": {
                    "path": "view.params.display"
                  },
                  "type": "property"
                }
              }
            },
            "props": {
              "style": {
                "marginLeft": "10px",
                "marginRight": "10px"
              }
            },
            "type": "ia.display.label"
          }
        ],
        "meta": {
          "name": "Message"
        },
        "position": {
          "grow": 1
        },
        "type": "ia.container.flex"
      },
      {
        "children": [
          {
            "events": {
              "dom": {
                "onClick": {
                  "config": {
                    "draggable": false,
                    "id": "message",
                    "modal": false,
                    "overlayDismiss": false,
                    "resizable": false,
                    "showCloseIcon": false,
                    "type": "close",
                    "viewPath": ""
                  },
                  "scope": "C",
                  "type": "popup"
                }
              }
            },
            "meta": {
              "name": "Close"
            },
            "position": {
              "basis": "100px",
              "shrink": 0
            },
            "props": {
              "image": {
                "icon": {
                  "path": "material/exit_to_app"
                }
              },
              "style": {
                "classes": "framework/popup/button",
                "marginBottom": "6px",
                "marginRight": "6px"
              },
              "text": "Close"
            },
            "type": "ia.input.button"
          }
        ],
        "meta": {
          "name": "Close"
        },
        "position": {
          "basis": "38px",
          "shrink": 0
        },
        "props": {
          "justify": "center",
          "style": {
            "marginBottom": "10px"
          }
        },
        "type": "ia.container.flex"
      }
    ],
    "meta": {
      "name": "root"
    },
    "props": {
      "direction": "column"
    },
    "type": "ia.container.flex"
  }
}