{
  "custom": {},
  "params": {},
  "props": {
    "defaultSize": {
      "height": 846,
      "width": 1291
    }
  },
  "root": {
    "children": [
      {
        "meta": {
          "name": "Title"
        },
        "position": {
          "basis": "56px",
          "shrink": 0
        },
        "props": {
          "style": {
            "classes": "framework/hyperlink framework/page-title"
          },
          "target": "tab",
          "text": "Alarm Journal Table",
          "url": "https://links.inductiveautomation.com/81-perspective-ajt"
        },
        "type": "ia.navigation.link"
      },
      {
        "meta": {
          "name": "Help Text"
        },
        "position": {
          "shrink": 0
        },
        "props": {
          "style": {
            "marginBottom": "32px"
          },
          "text": "The Perspective Alarm Journal Table displays the history of the alarm system. It can be configured to show active, cleared, and acknowledged events.\n\nThe Perspective Alarm Journal Table has a number of configuration options that can be used to filter on realtime and historical alarm data, and change how the component displays those alarms. When you first drag the Alarm Journal Table into the Designer, by default, the table will show you the last 8 hours of alarm journal data. You can interface with the journal table in the Designer, in Preview Mode of the Designer, and in a Perspective Session. "
        },
        "type": "ia.display.label"
      },
      {
        "children": [
          {
            "children": [
              {
                "meta": {
                  "name": "Alarm Journal Table"
                },
                "position": {
                  "basis": "1197px"
                },
                "props": {
                  "name": "Sample_Alarm_Journal_Profile"
                },
                "type": "ia.display.alarmjournaltable"
              }
            ],
            "meta": {
              "name": "Flex Container"
            },
            "position": {
              "basis": "643px"
            },
            "type": "ia.container.flex"
          }
        ],
        "meta": {
          "name": "Flex Container"
        },
        "position": {
          "basis": "659px",
          "shrink": 0
        },
        "props": {
          "direction": "column"
        },
        "type": "ia.container.flex"
      }
    ],
    "meta": {
      "name": "root"
    },
    "props": {
      "direction": "column",
      "style": {
        "overflow": "visible"
      }
    },
    "type": "ia.container.flex"
  }
}