{
  "custom": {},
  "params": {
    "instance": ""
  },
  "propConfig": {
    "params.instance": {
      "paramDirection": "input",
      "persistent": true
    }
  },
  "props": {
    "defaultSize": {
      "height": 110,
      "width": 250
    }
  },
  "root": {
    "children": [
      {
        "meta": {
          "hasDelegate": true,
          "name": "Label"
        },
        "position": {
          "basis": "100px",
          "grow": 1,
          "shrink": 0
        },
        "propConfig": {
          "props.text": {
            "binding": {
              "config": {
                "expression": "\"View \" +{view.params.instance} "
              },
              "type": "expr"
            }
          }
        },
        "props": {
          "style": {
            "classes": "components/center-text components/view-card",
            "color": "#000000",
            "textAlign": "center"
          }
        },
        "type": "ia.display.label"
      }
    ],
    "meta": {
      "name": "root"
    },
    "props": {
      "direction": "column",
      "style": {
        "overflow": "visible"
      }
    },
    "type": "ia.container.flex"
  }
}