{
  "custom": {},
  "params": {},
  "props": {
    "defaultSize": {
      "height": 840,
      "width": 865
    }
  },
  "root": {
    "children": [
      {
        "meta": {
          "name": "Title"
        },
        "position": {
          "basis": "56px",
          "shrink": 0
        },
        "props": {
          "style": {
            "classes": "framework/hyperlink framework/page-title"
          },
          "target": "tab",
          "text": "Flex Repeater",
          "url": "https://links.inductiveautomation.com/81-perspective-comp-flex-repeater"
        },
        "type": "ia.navigation.link"
      },
      {
        "meta": {
          "name": "Label"
        },
        "position": {
          "shrink": 0
        },
        "props": {
          "text": "The Flex Repeater component lets you easily create multiple instances of views for display in another view.  When first dropped on a view, the Flex Repeater looks like any other empty container. Set the \u0027path\u0027 to the component that you want to create multiple instances of, and then under \u0027instances\u0027 add an object for each instance that you want to create. The \u0027object\u0027 will usually contain one or more parameters that will be passed into that particular instance."
        },
        "type": "ia.display.label"
      },
      {
        "meta": {
          "name": "Flex Repeater"
        },
        "position": {
          "shrink": 0
        },
        "props": {
          "direction": "column",
          "elementPosition": {
            "basis": "auto",
            "grow": 0,
            "shrink": 0
          },
          "instances": [
            {
              "instancePosition": {},
              "instanceStyle": {
                "classes": ""
              },
              "text": "View Instance 1"
            },
            {
              "instancePosition": {},
              "instanceStyle": {
                "classes": ""
              },
              "text": "View Instance 2"
            },
            {
              "instancePosition": {},
              "instanceStyle": {
                "classes": ""
              },
              "text": "View Instance 3"
            },
            {
              "instancePosition": {},
              "instanceStyle": {
                "classes": ""
              },
              "text": "View Instance 4"
            }
          ],
          "path": "Components/Component Views/Framework/View Template",
          "style": {
            "overflow": "visible"
          },
          "useDefaultViewHeight": false,
          "useDefaultViewWidth": false
        },
        "type": "ia.display.flex-repeater"
      }
    ],
    "meta": {
      "name": "root"
    },
    "props": {
      "direction": "column",
      "style": {
        "overflow": "visible"
      }
    },
    "type": "ia.container.flex"
  }
}