{
  "custom": {},
  "params": {},
  "props": {
    "defaultSize": {
      "height": 208,
      "width": 711
    }
  },
  "root": {
    "children": [
      {
        "meta": {
          "name": "Simple Gauge"
        },
        "position": {
          "basis": "175px"
        },
        "props": {
          "style": {
            "classes": []
          },
          "value": 72
        },
        "type": "ia.chart.simple-gauge"
      }
    ],
    "meta": {
      "name": "root"
    },
    "props": {
      "direction": "column"
    },
    "type": "ia.container.flex"
  }
}