{
  "custom": {},
  "params": {},
  "props": {
    "defaultSize": {
      "height": 860,
      "width": 728
    }
  },
  "root": {
    "children": [
      {
        "meta": {
          "name": "Title"
        },
        "position": {
          "basis": "56px",
          "shrink": 0
        },
        "props": {
          "style": {
            "classes": "framework/hyperlink framework/page-title"
          },
          "target": "tab",
          "text": "Text Field",
          "url": "https://links.inductiveautomation.com/81-perspective-comp-text-field"
        },
        "type": "ia.navigation.link"
      },
      {
        "meta": {
          "name": "Description"
        },
        "position": {
          "shrink": 0
        },
        "props": {
          "source": "The Text Field component can display and edit single-line text, and includes an option for placeholder text. Updates from the text input can also be deferred, so that multiple update events are not triggered as the user types."
        },
        "type": "ia.display.markdown"
      },
      {
        "children": [
          {
            "children": [
              {
                "meta": {
                  "name": "Label"
                },
                "position": {
                  "basis": "50px",
                  "shrink": 0
                },
                "props": {
                  "style": {
                    "textAlign": "center"
                  },
                  "text": "Text Input:"
                },
                "type": "ia.display.label"
              },
              {
                "meta": {
                  "name": "Text Field"
                },
                "position": {
                  "basis": "40px",
                  "shrink": 0
                },
                "props": {
                  "placeholder": "Enter some text..."
                },
                "type": "ia.input.text-field"
              }
            ],
            "meta": {
              "name": "Text Input"
            },
            "position": {
              "basis": "300px",
              "shrink": 0
            },
            "props": {
              "alignContent": "flex-start",
              "direction": "column",
              "style": {
                "overflow": "visible"
              }
            },
            "type": "ia.container.flex"
          },
          {
            "children": [
              {
                "meta": {
                  "name": "Label"
                },
                "position": {
                  "basis": "50px",
                  "shrink": 0
                },
                "props": {
                  "style": {
                    "textAlign": "center"
                  },
                  "text": "Disabled:"
                },
                "type": "ia.display.label"
              },
              {
                "meta": {
                  "name": "Text Field"
                },
                "position": {
                  "basis": "40px",
                  "shrink": 0
                },
                "props": {
                  "enabled": false,
                  "placeholder": "Disabled Text Field..."
                },
                "type": "ia.input.text-field"
              }
            ],
            "meta": {
              "name": "Disabled"
            },
            "position": {
              "basis": "300px"
            },
            "props": {
              "alignContent": "flex-start",
              "direction": "column",
              "style": {
                "overflow": "visible"
              }
            },
            "type": "ia.container.flex"
          },
          {
            "children": [
              {
                "meta": {
                  "name": "Label"
                },
                "position": {
                  "basis": "50px",
                  "shrink": 0
                },
                "props": {
                  "style": {
                    "textAlign": "center"
                  },
                  "text": "Customized:"
                },
                "type": "ia.display.label"
              },
              {
                "meta": {
                  "name": "Text Field"
                },
                "position": {
                  "basis": "40px",
                  "shrink": 0
                },
                "props": {
                  "placeholder": "Enter some text...",
                  "style": {
                    "borderBottomLeftRadius": 0,
                    "borderBottomRightRadius": 25,
                    "borderTopLeftRadius": 25,
                    "borderTopRightRadius": 20,
                    "fontStyle": "italic",
                    "textDecoration": "underline",
                    "textTransform": "uppercase"
                  }
                },
                "type": "ia.input.text-field"
              }
            ],
            "meta": {
              "name": "Customized"
            },
            "position": {
              "basis": "300px"
            },
            "props": {
              "alignContent": "flex-start",
              "direction": "column",
              "style": {
                "overflow": "visible"
              }
            },
            "type": "ia.container.flex"
          }
        ],
        "meta": {
          "name": "Examples"
        },
        "position": {
          "basis": "200px",
          "grow": 1
        },
        "props": {
          "alignContent": "flex-start",
          "alignItems": "flex-start",
          "justify": "space-evenly",
          "style": {
            "overflow": "visible",
            "padding": "10px"
          },
          "wrap": "wrap"
        },
        "type": "ia.container.flex"
      }
    ],
    "meta": {
      "name": "root"
    },
    "props": {
      "direction": "column"
    },
    "type": "ia.container.flex"
  }
}