{
  "custom": {},
  "params": {},
  "props": {
    "defaultSize": {
      "height": 811,
      "width": 728
    }
  },
  "root": {
    "children": [
      {
        "meta": {
          "name": "Title"
        },
        "position": {
          "basis": "56px",
          "shrink": 0
        },
        "props": {
          "style": {
            "classes": "framework/hyperlink framework/page-title"
          },
          "target": "tab",
          "text": "Date Time Picker",
          "url": "https://links.inductiveautomation.com/81-perspective-comp-datetime-picker"
        },
        "type": "ia.navigation.link"
      },
      {
        "meta": {
          "name": "Description"
        },
        "position": {
          "shrink": 0
        },
        "props": {
          "source": "The DateTime Picker is an easy way to select a date from an inline calendar display. It can be used to select a day or day and time together. A minimum and maximum date/time can be set, and the format of the selected value is configurable."
        },
        "type": "ia.display.markdown"
      },
      {
        "children": [
          {
            "children": [
              {
                "meta": {
                  "name": "Label"
                },
                "position": {
                  "basis": "50px",
                  "shrink": 0
                },
                "props": {
                  "style": {
                    "textAlign": "center"
                  },
                  "text": "Date:"
                },
                "type": "ia.display.label"
              },
              {
                "meta": {
                  "name": "Value"
                },
                "position": {
                  "basis": "32px",
                  "shrink": 0
                },
                "propConfig": {
                  "props.text": {
                    "binding": {
                      "config": {
                        "path": "../DateTime Picker.props.formattedValue"
                      },
                      "type": "property"
                    }
                  }
                },
                "props": {
                  "style": {
                    "textAlign": "center"
                  }
                },
                "type": "ia.display.label"
              },
              {
                "meta": {
                  "name": "DateTime Picker"
                },
                "position": {
                  "shrink": 0
                },
                "propConfig": {
                  "props.value": {
                    "binding": {
                      "config": {
                        "expression": "now(0)"
                      },
                      "type": "expr"
                    }
                  }
                },
                "props": {
                  "format": "MMM DD, YYYY",
                  "formattedValue": "Feb 27, 2023",
                  "formattedValues": {
                    "date": "Aug 05, 2020"
                  },
                  "pickerType": "date"
                },
                "type": "ia.input.date-time-picker"
              }
            ],
            "meta": {
              "name": "Date"
            },
            "position": {
              "basis": "300px",
              "shrink": 0
            },
            "props": {
              "alignContent": "flex-start",
              "direction": "column"
            },
            "type": "ia.container.flex"
          },
          {
            "children": [
              {
                "meta": {
                  "name": "Label"
                },
                "position": {
                  "basis": "50px",
                  "shrink": 0
                },
                "props": {
                  "style": {
                    "textAlign": "center"
                  },
                  "text": "Date/Time:"
                },
                "type": "ia.display.label"
              },
              {
                "meta": {
                  "name": "Value"
                },
                "position": {
                  "basis": "32px",
                  "shrink": 0
                },
                "propConfig": {
                  "props.text": {
                    "binding": {
                      "config": {
                        "path": "../DateTime Picker.props.formattedValue"
                      },
                      "type": "property"
                    }
                  }
                },
                "props": {
                  "style": {
                    "textAlign": "center"
                  }
                },
                "type": "ia.display.label"
              },
              {
                "meta": {
                  "name": "DateTime Picker"
                },
                "position": {
                  "shrink": 0
                },
                "propConfig": {
                  "props.value": {
                    "binding": {
                      "config": {
                        "expression": "now(0)"
                      },
                      "type": "expr"
                    }
                  }
                },
                "props": {
                  "format": "YYYY-MM-DD HH:mm:ss ZZ",
                  "formattedValue": "2023-02-27 12:29:47 -0800"
                },
                "type": "ia.input.date-time-picker"
              }
            ],
            "meta": {
              "name": "DateTime"
            },
            "position": {
              "basis": "300px",
              "shrink": 0
            },
            "props": {
              "alignContent": "flex-start",
              "direction": "column"
            },
            "type": "ia.container.flex"
          },
          {
            "children": [
              {
                "meta": {
                  "name": "Label"
                },
                "position": {
                  "basis": "50px",
                  "shrink": 0
                },
                "props": {
                  "style": {
                    "textAlign": "center"
                  },
                  "text": "Limited to within 7 days:"
                },
                "type": "ia.display.label"
              },
              {
                "meta": {
                  "name": "Value"
                },
                "position": {
                  "basis": "32px",
                  "shrink": 0
                },
                "propConfig": {
                  "props.text": {
                    "binding": {
                      "config": {
                        "path": "../DateTime Picker.props.formattedValue"
                      },
                      "type": "property"
                    }
                  }
                },
                "props": {
                  "style": {
                    "textAlign": "center"
                  }
                },
                "type": "ia.display.label"
              },
              {
                "meta": {
                  "name": "DateTime Picker"
                },
                "position": {
                  "shrink": 0
                },
                "propConfig": {
                  "props.maxDate": {
                    "binding": {
                      "config": {
                        "expression": "addDays(now(0), 7)"
                      },
                      "type": "expr"
                    }
                  },
                  "props.minDate": {
                    "binding": {
                      "config": {
                        "expression": "addDays(now(0), -7)"
                      },
                      "type": "expr"
                    }
                  },
                  "props.value": {
                    "binding": {
                      "config": {
                        "expression": "now(0)"
                      },
                      "type": "expr"
                    }
                  }
                },
                "props": {
                  "formattedValue": "Feb 27, 2023 12:30 PM"
                },
                "type": "ia.input.date-time-picker"
              }
            ],
            "meta": {
              "name": "Limited"
            },
            "position": {
              "basis": "300px",
              "shrink": 0
            },
            "props": {
              "alignContent": "flex-start",
              "direction": "column"
            },
            "type": "ia.container.flex"
          }
        ],
        "meta": {
          "name": "Examples"
        },
        "position": {
          "basis": "200px",
          "grow": 1,
          "shrink": 0
        },
        "props": {
          "alignContent": "flex-start",
          "alignItems": "flex-start",
          "justify": "space-evenly",
          "style": {
            "overflow": "visible",
            "padding": "10px"
          },
          "wrap": "wrap"
        },
        "type": "ia.container.flex"
      }
    ],
    "meta": {
      "name": "root"
    },
    "props": {
      "direction": "column"
    },
    "type": "ia.container.flex"
  }
}