{
  "custom": {},
  "params": {},
  "props": {
    "defaultSize": {
      "height": 97,
      "width": 260
    }
  },
  "root": {
    "children": [
      {
        "meta": {
          "name": "MenuTree"
        },
        "position": {
          "basis": "100%",
          "shrink": 0
        },
        "propConfig": {
          "props.items[0].style.classes": {
            "binding": {
              "config": {
                "path": "page.props.path"
              },
              "transforms": [
                {
                  "code": "\tselectedStyle \u003d \"framework/sidebar-items-selected\"\n\tif value \u003d\u003d \"/\":\n\t\treturn selectedStyle\n\telif (value.find(\"/ignition-101/home/welcome\") \u003e\u003d 0):\n\t\treturn selectedStyle\n\telse:\n\t\treturn \"framework/sidebar-items\"",
                  "type": "script"
                }
              ],
              "type": "property"
            }
          },
          "props.items[1].style.classes": {
            "binding": {
              "config": {
                "path": "page.props.path"
              },
              "transforms": [
                {
                  "fallback": "framework/sidebar-items",
                  "inputType": "scalar",
                  "mappings": [
                    {
                      "input": "/ignition-101/home/about",
                      "output": "framework/sidebar-items-selected"
                    }
                  ],
                  "outputType": "scalar",
                  "type": "map"
                }
              ],
              "type": "property"
            }
          }
        },
        "props": {
          "itemStyle": {
            "classes": "framework/sidebar-items"
          },
          "items": [
            {
              "backActionText": "",
              "enabled": true,
              "items": [],
              "label": {
                "icon": {
                  "path": ""
                },
                "text": "Welcome"
              },
              "navIcon": {
                "color": "",
                "path": ""
              },
              "resetOnClick": false,
              "showHeader": true,
              "style": {},
              "target": "/ignition-101/home/welcome",
              "visible": true
            },
            {
              "backActionText": "",
              "enabled": true,
              "items": [],
              "label": {
                "icon": {
                  "path": ""
                },
                "text": "About"
              },
              "navIcon": {
                "color": "",
                "path": ""
              },
              "resetOnClick": false,
              "showHeader": true,
              "style": {},
              "target": "/ignition-101/home/about",
              "visible": true
            }
          ]
        },
        "type": "ia.navigation.menutree"
      }
    ],
    "meta": {
      "name": "root"
    },
    "props": {
      "direction": "column"
    },
    "type": "ia.container.flex"
  }
}