{
  "custom": {},
  "params": {
    "tagPath": "[Sample_Tags]Ramp/Ramp5"
  },
  "propConfig": {
    "params.tagPath": {
      "paramDirection": "input",
      "persistent": true
    }
  },
  "props": {
    "defaultSize": {
      "height": 175,
      "width": 150
    }
  },
  "root": {
    "children": [
      {
        "meta": {
          "name": "Label"
        },
        "position": {
          "basis": "36px",
          "shrink": 0
        },
        "propConfig": {
          "props.text": {
            "binding": {
              "config": {
                "fallbackDelay": 2.5,
                "mode": "indirect",
                "references": {
                  "tagPath": "{view.params.tagPath}"
                },
                "tagPath": "{tagPath}.Name"
              },
              "type": "tag"
            }
          }
        },
        "props": {
          "style": {
            "classes": "framework/header"
          },
          "textStyle": {
            "classes": "typography/label-centered"
          }
        },
        "type": "ia.display.label"
      },
      {
        "meta": {
          "name": "MultiStateButton"
        },
        "position": {
          "basis": "120px",
          "grow": 1
        },
        "propConfig": {
          "props.controlValue": {
            "binding": {
              "config": {
                "bidirectional": true,
                "fallbackDelay": 2.5,
                "mode": "indirect",
                "references": {
                  "tagPath": "{view.params.tagPath}"
                },
                "tagPath": "{tagPath}.value"
              },
              "type": "tag"
            }
          },
          "props.indicatorValue": {
            "binding": {
              "config": {
                "fallbackDelay": 2.5,
                "mode": "indirect",
                "references": {
                  "tagPath": "{view.params.tagPath}"
                },
                "tagPath": "{tagPath}.value"
              },
              "type": "tag"
            }
          }
        },
        "props": {
          "states": [
            {
              "selectedStyle": {
                "backgroundColor": "#FFF275",
                "classes": ""
              },
              "text": "Hand",
              "unselectedStyle": {
                "classes": ""
              },
              "value": 2
            },
            {
              "selectedStyle": {
                "backgroundColor": "#F84553",
                "classes": ""
              },
              "text": "Off",
              "unselectedStyle": {
                "classes": ""
              },
              "value": 0
            },
            {
              "selectedStyle": {
                "backgroundColor": "#7CEA9C",
                "classes": ""
              },
              "text": "Auto",
              "unselectedStyle": {
                "classes": ""
              },
              "value": 1
            }
          ],
          "style": {
            "margin": "5px"
          }
        },
        "type": "ia.input.multi-state-button"
      }
    ],
    "meta": {
      "name": "root"
    },
    "props": {
      "direction": "column"
    },
    "type": "ia.container.flex"
  }
}