{
  "custom": {},
  "params": {
    "label": "content",
    "styleClass": ""
  },
  "propConfig": {
    "params.label": {
      "paramDirection": "input",
      "persistent": true
    },
    "params.styleClass": {
      "paramDirection": "input",
      "persistent": true
    }
  },
  "props": {
    "defaultSize": {
      "height": 40,
      "width": 150
    }
  },
  "root": {
    "children": [
      {
        "meta": {
          "name": "Label"
        },
        "position": {
          "basis": "150px",
          "grow": 1
        },
        "propConfig": {
          "props.text": {
            "binding": {
              "config": {
                "path": "view.params.label"
              },
              "type": "property"
            }
          }
        },
        "props": {
          "style": {
            "classes": "layouts/container-label"
          }
        },
        "type": "ia.display.label"
      }
    ],
    "meta": {
      "name": "root"
    },
    "propConfig": {
      "props.style.classes": {
        "binding": {
          "config": {
            "path": "view.params.styleClass"
          },
          "type": "property"
        }
      }
    },
    "props": {
      "alignItems": "center",
      "justify": "center",
      "style": {}
    },
    "type": "ia.container.flex"
  }
}