{
  "custom": {},
  "params": {},
  "props": {
    "defaultSize": {
      "width": 1200
    }
  },
  "root": {
    "children": [
      {
        "meta": {
          "name": "Title"
        },
        "position": {
          "basis": "56px",
          "shrink": 0
        },
        "props": {
          "style": {
            "classes": "framework/hyperlink framework/page-title"
          },
          "target": "tab",
          "text": "Map",
          "url": "https://links.inductiveautomation.com/81-perspective-comp-map"
        },
        "type": "ia.navigation.link"
      },
      {
        "meta": {
          "name": "Label"
        },
        "props": {
          "style": {
            "marginBottom": "32px"
          },
          "text": "The Map component provides a powerful, mobile-friendly, and interactive map. Settings can be customized to control the initial view, zoom, mouse interaction, keyboard interaction and more."
        },
        "type": "ia.display.label"
      },
      {
        "children": [
          {
            "children": [
              {
                "meta": {
                  "name": "Map"
                },
                "position": {
                  "basis": "400px"
                },
                "props": {
                  "init": {
                    "center": {
                      "lat": 38.660867,
                      "lng": -121.159728
                    },
                    "zoom": 13
                  },
                  "layers": {
                    "raster": {
                      "tile": [
                        {
                          "WMS": {
                            "format": "image/jpeg",
                            "layers": "",
                            "styles": "",
                            "transparent": false,
                            "uppercase": false,
                            "version": "1.1.1"
                          },
                          "options": {
                            "attribution": "Map data \u0026copy; \u003ca href\u003d\u0027https://www.openstreetmap.org/\u0027\u003eOpenStreetMap\u003c/a\u003e contributors, \u003ca href\u003d\u0027https://creativecommons.org/licenses/by-sa/2.0/\u0027\u003eCC-BY-SA\u003c/a\u003e",
                            "crossOrigin": false,
                            "detectRetina": false,
                            "errorTileUrl": "",
                            "opacity": 1,
                            "subdomains": [
                              "a",
                              "b",
                              "c"
                            ],
                            "tileSize": {
                              "height": 256,
                              "width": 256
                            },
                            "tms": false,
                            "update": {
                              "interval": 200,
                              "whenIdle": false,
                              "whenZooming": true
                            },
                            "zIndex": 1,
                            "zoom": {
                              "max": 18,
                              "min": 0,
                              "native": {
                                "max": null,
                                "min": null
                              },
                              "offset": 0,
                              "reverse": false
                            }
                          },
                          "url": "https://{s}.tile.openstreetmap.org/{z}/{x}/{y}.png",
                          "urlTemplateParams": {}
                        }
                      ]
                    }
                  },
                  "style": {
                    "marginBottom": "32px"
                  }
                },
                "type": "ia.display.map"
              },
              {
                "meta": {
                  "name": "Icon"
                },
                "position": {
                  "basis": "35px"
                },
                "props": {
                  "path": "material/arrow_upward"
                },
                "type": "ia.display.icon"
              },
              {
                "meta": {
                  "name": "Help Text"
                },
                "position": {
                  "basis": "87px"
                },
                "props": {
                  "alignVertical": "top",
                  "style": {
                    "textAlign": "center"
                  },
                  "text": "Display maps in Ignition with the Map component."
                },
                "type": "ia.display.label"
              }
            ],
            "meta": {
              "name": "Component Instance 1"
            },
            "position": {
              "basis": "600px"
            },
            "props": {
              "direction": "column"
            },
            "type": "ia.container.flex"
          },
          {
            "children": [
              {
                "meta": {
                  "name": "Map"
                },
                "position": {
                  "basis": "400px"
                },
                "props": {
                  "init": {
                    "center": {
                      "lat": 38.660867,
                      "lng": -121.159728
                    },
                    "zoom": 13
                  },
                  "layers": {
                    "raster": {
                      "tile": [
                        {
                          "WMS": {
                            "format": "image/jpeg",
                            "layers": "",
                            "styles": "",
                            "transparent": false,
                            "uppercase": false,
                            "version": "1.1.1"
                          },
                          "options": {
                            "attribution": "Map data \u0026copy; \u003ca href\u003d\u0027https://www.openstreetmap.org/\u0027\u003eOpenStreetMap\u003c/a\u003e contributors, \u003ca href\u003d\u0027https://creativecommons.org/licenses/by-sa/2.0/\u0027\u003eCC-BY-SA\u003c/a\u003e",
                            "crossOrigin": false,
                            "detectRetina": false,
                            "errorTileUrl": "",
                            "opacity": 1,
                            "subdomains": [
                              "a",
                              "b",
                              "c"
                            ],
                            "tileSize": {
                              "height": 256,
                              "width": 256
                            },
                            "tms": false,
                            "update": {
                              "interval": 200,
                              "whenIdle": false,
                              "whenZooming": true
                            },
                            "zIndex": 1,
                            "zoom": {
                              "max": 18,
                              "min": 0,
                              "native": {
                                "max": null,
                                "min": null
                              },
                              "offset": 0,
                              "reverse": false
                            }
                          },
                          "url": "https://{s}.tile.openstreetmap.org/{z}/{x}/{y}.png",
                          "urlTemplateParams": {}
                        }
                      ]
                    },
                    "ui": {
                      "marker": [
                        {
                          "icon": {
                            "color": "#4190F7",
                            "path": "material/location_on",
                            "size": {
                              "height": 36,
                              "width": 36
                            },
                            "style": {
                              "classes": ""
                            }
                          },
                          "lat": 38.65256,
                          "lng": -121.189028,
                          "name": "TestMarker",
                          "opacity": 1,
                          "popup": {
                            "autoClose": true,
                            "closeButton": true,
                            "closeOnClick": null,
                            "closeOnEscapeKey": true,
                            "content": {
                              "text": "",
                              "view": {
                                "params": {},
                                "path": ""
                              }
                            },
                            "enabled": false,
                            "height": {
                              "max": null
                            },
                            "pan": {
                              "auto": true
                            },
                            "width": {
                              "max": 300,
                              "min": 50
                            }
                          },
                          "tooltip": {
                            "content": {
                              "text": "Inductive Automation HQ",
                              "view": {
                                "params": {},
                                "path": ""
                              }
                            },
                            "direction": "auto",
                            "opacity": 1,
                            "permanent": false,
                            "sticky": false
                          }
                        }
                      ]
                    }
                  },
                  "style": {
                    "marginBottom": "32px"
                  }
                },
                "type": "ia.display.map"
              },
              {
                "meta": {
                  "name": "Icon"
                },
                "position": {
                  "basis": "35px"
                },
                "props": {
                  "path": "material/arrow_upward"
                },
                "type": "ia.display.icon"
              },
              {
                "meta": {
                  "name": "Help Text"
                },
                "position": {
                  "basis": "87px"
                },
                "props": {
                  "alignVertical": "top",
                  "style": {
                    "textAlign": "center"
                  },
                  "text": "It might be ideal to display a particular location of a site or other area of interest on the map. Do this by clicking the Add Array Element option when expanding ou the markers property ( layers--\u003eui--\u003emarkers). Check out this Map component for an example of an added markers element. Within this markers element, the lat and lon properties have been set to the coordinates of Inductive Automation HQ in Folsom, CA."
                },
                "type": "ia.display.label"
              }
            ],
            "meta": {
              "name": "Component Instance 2"
            },
            "position": {
              "basis": "600px"
            },
            "props": {
              "direction": "column"
            },
            "type": "ia.container.flex"
          }
        ],
        "meta": {
          "name": "Flex Container"
        },
        "position": {
          "basis": "200px",
          "grow": 1
        },
        "props": {
          "justify": "space-evenly",
          "wrap": "wrap"
        },
        "type": "ia.container.flex"
      }
    ],
    "meta": {
      "name": "root"
    },
    "props": {
      "direction": "column",
      "wrap": "wrap"
    },
    "type": "ia.container.flex"
  }
}