{
  "custom": {},
  "params": {},
  "props": {
    "defaultSize": {
      "height": 106,
      "width": 270
    }
  },
  "root": {
    "children": [
      {
        "meta": {
          "name": "Label"
        },
        "position": {
          "grow": 1
        },
        "props": {
          "style": {
            "textAlign": "center"
          },
          "text": "You clicked the button!"
        },
        "type": "ia.display.label"
      }
    ],
    "meta": {
      "name": "root"
    },
    "props": {
      "direction": "column"
    },
    "type": "ia.container.flex"
  }
}