{
  "custom": {},
  "params": {},
  "props": {},
  "root": {
    "children": [
      {
        "children": [
          {
            "meta": {
              "name": "Label"
            },
            "position": {
              "shrink": 0
            },
            "props": {
              "text": "Helpful links: "
            },
            "type": "ia.display.label"
          },
          {
            "meta": {
              "name": "Parameters"
            },
            "props": {
              "style": {
                "classes": "framework/hyperlink",
                "fontSize": "18px",
                "fontWeight": "500",
                "marginLeft": "5px",
                "marginRight": "5px",
                "textAlign": "left"
              },
              "target": "tab",
              "text": "Parameters, ",
              "url": "https://links.inductiveautomation.com/81-report-parameters"
            },
            "type": "ia.navigation.link"
          },
          {
            "meta": {
              "name": "Tag History"
            },
            "props": {
              "style": {
                "classes": "framework/hyperlink",
                "fontSize": "18px",
                "fontWeight": "500",
                "marginRight": "5px",
                "textAlign": "left"
              },
              "target": "tab",
              "text": "Tag History Query, ",
              "url": "https://links.inductiveautomation.com/81-report-tag-history-query"
            },
            "type": "ia.navigation.link"
          },
          {
            "meta": {
              "name": "Charts"
            },
            "props": {
              "style": {
                "classes": "framework/hyperlink",
                "fontSize": "18px",
                "fontWeight": "500",
                "marginRight": "5px",
                "textAlign": "left"
              },
              "target": "tab",
              "text": "Timeseries Chart, ",
              "url": "https://links.inductiveautomation.com/81-report-timeseries-chart"
            },
            "type": "ia.navigation.link"
          },
          {
            "meta": {
              "name": "Table"
            },
            "props": {
              "style": {
                "classes": "framework/hyperlink",
                "fontSize": "18px",
                "fontWeight": "500",
                "marginRight": "5px",
                "textAlign": "left"
              },
              "target": "tab",
              "text": "Table, ",
              "url": "https://links.inductiveautomation.com/81-report-tables"
            },
            "type": "ia.navigation.link"
          },
          {
            "meta": {
              "name": "Text Shape"
            },
            "props": {
              "style": {
                "classes": "framework/hyperlink",
                "fontSize": "18px",
                "fontWeight": "500",
                "marginRight": "5px",
                "textAlign": "left"
              },
              "target": "tab",
              "text": "Text Shape",
              "url": "https://links.inductiveautomation.com/81-report-text-shape"
            },
            "type": "ia.navigation.link"
          }
        ],
        "meta": {
          "name": "Links"
        },
        "position": {
          "shrink": 0
        },
        "props": {
          "style": {
            "margin": "10px",
            "overflow": "visible"
          },
          "wrap": "wrap"
        },
        "type": "ia.container.flex"
      },
      {
        "children": [
          {
            "children": [
              {
                "meta": {
                  "name": "Label"
                },
                "position": {
                  "basis": "89px",
                  "shrink": 0
                },
                "props": {
                  "style": {
                    "paddingRight": "5px",
                    "textAlign": "right"
                  },
                  "text": "Start Date:"
                },
                "type": "ia.display.label"
              },
              {
                "meta": {
                  "name": "Date"
                },
                "position": {
                  "basis": "170px"
                },
                "propConfig": {
                  "props.value": {
                    "binding": {
                      "config": {
                        "expression": "dateArithmetic(now(0), -5, \"min\")"
                      },
                      "type": "expr"
                    }
                  }
                },
                "props": {
                  "formattedValue": "May 6, 2022 10:49 AM",
                  "formattedValues": {
                    "date": "Sep 11, 2020",
                    "datetime": "Sep 11, 2020 12:29 PM",
                    "time": "12:29 PM"
                  }
                },
                "type": "ia.input.date-time-input"
              }
            ],
            "meta": {
              "name": "Start"
            },
            "position": {
              "shrink": 0
            },
            "type": "ia.container.flex"
          },
          {
            "children": [
              {
                "meta": {
                  "name": "Label"
                },
                "position": {
                  "basis": "89px",
                  "shrink": 0
                },
                "props": {
                  "style": {
                    "paddingRight": "5px",
                    "textAlign": "right"
                  },
                  "text": "End Date:"
                },
                "type": "ia.display.label"
              },
              {
                "meta": {
                  "name": "Date"
                },
                "position": {
                  "basis": "170px"
                },
                "propConfig": {
                  "props.value": {
                    "binding": {
                      "config": {
                        "expression": "now(0)"
                      },
                      "type": "expr"
                    }
                  }
                },
                "props": {
                  "formattedValue": "May 6, 2022 10:54 AM",
                  "formattedValues": {
                    "date": "Sep 11, 2020",
                    "datetime": "Sep 11, 2020 12:29 PM",
                    "time": "12:29 PM"
                  }
                },
                "type": "ia.input.date-time-input"
              }
            ],
            "meta": {
              "name": "End"
            },
            "position": {
              "shrink": 0
            },
            "type": "ia.container.flex"
          }
        ],
        "meta": {
          "name": "Flex Container"
        },
        "position": {
          "shrink": 0
        },
        "props": {
          "style": {
            "marginBottom": "10px",
            "padding": "5px"
          },
          "wrap": "wrap"
        },
        "type": "ia.container.flex"
      },
      {
        "meta": {
          "name": "Report Viewer"
        },
        "position": {
          "basis": "300px",
          "grow": 1,
          "shrink": 0
        },
        "propConfig": {
          "props.params.EndDate": {
            "binding": {
              "config": {
                "path": "../Flex Container/End/Date.props.value"
              },
              "type": "property"
            }
          },
          "props.params.StartDate": {
            "binding": {
              "config": {
                "path": "../Flex Container/Start/Date.props.value"
              },
              "type": "property"
            }
          }
        },
        "props": {
          "page": 1,
          "pageCount": 6,
          "source": "Tag History Report"
        },
        "type": "ia.reporting.report-viewer"
      }
    ],
    "meta": {
      "name": "root"
    },
    "props": {
      "direction": "column"
    },
    "type": "ia.container.flex"
  }
}