{
  "custom": {},
  "params": {},
  "props": {},
  "root": {
    "children": [
      {
        "meta": {
          "name": "Title"
        },
        "position": {
          "basis": "56px",
          "shrink": 0
        },
        "props": {
          "style": {
            "classes": "framework/hyperlink framework/page-title"
          },
          "target": "tab",
          "text": "Breakpoint",
          "url": "https://links.inductiveautomation.com/81-perspective-comp-breakpoint-container"
        },
        "type": "ia.navigation.link"
      },
      {
        "meta": {
          "name": "Label"
        },
        "position": {
          "shrink": 0
        },
        "props": {
          "text": "The Breakpoint container accommodates two views. Normally the small view is used for a smaller screen such as a mobile device and the large view is used for a desktop or other larger display.  Resize your screen to see it in action."
        },
        "type": "ia.display.label"
      },
      {
        "children": [
          {
            "meta": {
              "name": "Flex Repeater Small"
            },
            "props": {
              "direction": "column",
              "elementPosition": {
                "basis": "84px",
                "grow": 0,
                "shrink": 0
              },
              "elementStyle": {
                "classes": "layouts/container-C",
                "marginBottom": "10px"
              },
              "instances": [
                {
                  "instancePosition": {},
                  "instanceStyle": {
                    "classes": ""
                  },
                  "label": "view 1"
                },
                {
                  "instancePosition": {},
                  "instanceStyle": {
                    "classes": ""
                  },
                  "label": "view 2"
                },
                {
                  "instancePosition": {},
                  "instanceStyle": {
                    "classes": ""
                  },
                  "label": "view 3"
                },
                {
                  "instancePosition": {},
                  "instanceStyle": {
                    "classes": ""
                  },
                  "label": "view 4"
                },
                {
                  "instancePosition": {},
                  "instanceStyle": {
                    "classes": ""
                  },
                  "label": "view 5"
                },
                {
                  "instancePosition": {},
                  "instanceStyle": {
                    "classes": ""
                  },
                  "label": "view 6"
                },
                {
                  "instancePosition": {},
                  "instanceStyle": {
                    "classes": ""
                  },
                  "label": "view 7"
                },
                {
                  "instancePosition": {},
                  "instanceStyle": {
                    "classes": ""
                  },
                  "label": "view 8"
                }
              ],
              "path": "Layouts/Framework/Container Label",
              "style": {
                "margin": "10px"
              },
              "useDefaultViewHeight": false,
              "useDefaultViewWidth": false
            },
            "type": "ia.display.flex-repeater"
          },
          {
            "meta": {
              "name": "Flex Repeater Large"
            },
            "position": {
              "size": "large"
            },
            "props": {
              "elementPosition": {
                "basis": "84px",
                "shrink": 0
              },
              "elementStyle": {
                "classes": "layouts/container-C",
                "margin": "5px"
              },
              "instances": [
                {
                  "instancePosition": {},
                  "instanceStyle": {
                    "classes": ""
                  },
                  "label": "view 1"
                },
                {
                  "instancePosition": {},
                  "instanceStyle": {
                    "classes": ""
                  },
                  "label": "view 2"
                },
                {
                  "instancePosition": {},
                  "instanceStyle": {
                    "classes": ""
                  },
                  "label": "view 3"
                },
                {
                  "instancePosition": {},
                  "instanceStyle": {
                    "classes": ""
                  },
                  "label": "view 4"
                },
                {
                  "instancePosition": {},
                  "instanceStyle": {
                    "classes": ""
                  },
                  "label": "view 5"
                },
                {
                  "instancePosition": {},
                  "instanceStyle": {
                    "classes": ""
                  },
                  "label": "view 6"
                },
                {
                  "instancePosition": {},
                  "instanceStyle": {
                    "classes": ""
                  },
                  "label": "view 7"
                },
                {
                  "instancePosition": {},
                  "instanceStyle": {
                    "classes": ""
                  },
                  "label": "view 8"
                }
              ],
              "path": "Layouts/Framework/Container Label",
              "style": {
                "margin": "10px"
              },
              "useDefaultViewHeight": false,
              "useDefaultViewWidth": false,
              "wrap": "wrap"
            },
            "type": "ia.display.flex-repeater"
          }
        ],
        "meta": {
          "name": "Breakpoint Container"
        },
        "position": {
          "basis": "200px",
          "grow": 1
        },
        "props": {
          "breakpoint": 900,
          "style": {
            "marginTop": "20px"
          }
        },
        "type": "ia.container.breakpt"
      }
    ],
    "meta": {
      "name": "root"
    },
    "props": {
      "direction": "column"
    },
    "type": "ia.container.flex"
  }
}