{
  "custom": {},
  "params": {},
  "props": {
    "defaultSize": {
      "height": 860,
      "width": 728
    }
  },
  "root": {
    "children": [
      {
        "meta": {
          "name": "Title"
        },
        "position": {
          "basis": "56px",
          "shrink": 0
        },
        "props": {
          "style": {
            "classes": "framework/hyperlink framework/page-title"
          },
          "target": "tab",
          "text": "Text Area",
          "url": "https://links.inductiveautomation.com/81-perspective-comp-text-area"
        },
        "type": "ia.navigation.link"
      },
      {
        "meta": {
          "name": "Description"
        },
        "position": {
          "shrink": 0
        },
        "props": {
          "source": "The Text Area component can display and edit multi-line text. It includes options for resizing and wrapping, as well as placeholder text. Updates from the text input can also be deferred, so that multiple update events are not triggered as the user types."
        },
        "type": "ia.display.markdown"
      },
      {
        "children": [
          {
            "children": [
              {
                "meta": {
                  "name": "Label"
                },
                "position": {
                  "basis": "50px",
                  "shrink": 0
                },
                "props": {
                  "style": {
                    "textAlign": "center"
                  },
                  "text": "Text Area:"
                },
                "type": "ia.display.label"
              },
              {
                "meta": {
                  "name": "Text Area"
                },
                "position": {
                  "basis": "100px",
                  "shrink": 0
                },
                "props": {
                  "placeholder": "You can type a lot of text in a Text Area component."
                },
                "type": "ia.input.text-area"
              }
            ],
            "meta": {
              "name": "Text Area"
            },
            "position": {
              "basis": "300px",
              "shrink": 0
            },
            "props": {
              "alignContent": "flex-start",
              "direction": "column",
              "style": {
                "overflow": "visible"
              }
            },
            "type": "ia.container.flex"
          },
          {
            "children": [
              {
                "meta": {
                  "name": "Label"
                },
                "position": {
                  "basis": "50px",
                  "shrink": 0
                },
                "props": {
                  "style": {
                    "textAlign": "center"
                  },
                  "text": "Disabled:"
                },
                "type": "ia.display.label"
              },
              {
                "meta": {
                  "name": "Text Area"
                },
                "position": {
                  "basis": "100px",
                  "shrink": 0
                },
                "props": {
                  "enabled": false,
                  "placeholder": "This Text Area is disabled."
                },
                "type": "ia.input.text-area"
              }
            ],
            "meta": {
              "name": "Disabled"
            },
            "position": {
              "basis": "300px",
              "shrink": 0
            },
            "props": {
              "alignContent": "flex-start",
              "direction": "column",
              "style": {
                "overflow": "visible"
              }
            },
            "type": "ia.container.flex"
          },
          {
            "children": [
              {
                "meta": {
                  "name": "Label"
                },
                "position": {
                  "basis": "50px",
                  "shrink": 0
                },
                "props": {
                  "style": {
                    "textAlign": "center"
                  },
                  "text": "Resize:"
                },
                "type": "ia.display.label"
              },
              {
                "meta": {
                  "name": "Text Area"
                },
                "position": {
                  "shrink": 0
                },
                "props": {
                  "placeholder": "This Text Area is resizable.",
                  "resize": "both"
                },
                "type": "ia.input.text-area"
              }
            ],
            "meta": {
              "name": "Resize"
            },
            "position": {
              "basis": "300px",
              "shrink": 0
            },
            "props": {
              "alignContent": "flex-start",
              "direction": "column",
              "style": {
                "overflow": "visible"
              }
            },
            "type": "ia.container.flex"
          },
          {
            "children": [
              {
                "meta": {
                  "name": "Label"
                },
                "position": {
                  "basis": "50px",
                  "shrink": 0
                },
                "props": {
                  "style": {
                    "textAlign": "center"
                  },
                  "text": "Single Line:"
                },
                "type": "ia.display.label"
              },
              {
                "meta": {
                  "name": "Text Area"
                },
                "position": {
                  "shrink": 0
                },
                "props": {
                  "placeholder": "This Text Area will not wrap text.",
                  "wrap": "off"
                },
                "type": "ia.input.text-area"
              }
            ],
            "meta": {
              "name": "Single Line"
            },
            "position": {
              "basis": "300px"
            },
            "props": {
              "alignContent": "flex-start",
              "direction": "column",
              "style": {
                "overflow": "visible"
              }
            },
            "type": "ia.container.flex"
          }
        ],
        "meta": {
          "name": "Examples"
        },
        "position": {
          "basis": "200px",
          "grow": 1
        },
        "props": {
          "alignContent": "flex-start",
          "alignItems": "flex-start",
          "justify": "space-evenly",
          "style": {
            "overflow": "visible",
            "padding": "10px"
          },
          "wrap": "wrap"
        },
        "type": "ia.container.flex"
      }
    ],
    "meta": {
      "name": "root"
    },
    "props": {
      "direction": "column"
    },
    "type": "ia.container.flex"
  }
}