{
  "custom": {},
  "params": {},
  "propConfig": {
    "params.feature": {
      "paramDirection": "input"
    },
    "params.key": {
      "paramDirection": "input"
    },
    "params.tier1": {
      "paramDirection": "input"
    },
    "params.tier2": {
      "paramDirection": "input"
    }
  },
  "props": {
    "defaultSize": {
      "height": 1098,
      "width": 1038
    }
  },
  "root": {
    "children": [
      {
        "children": [
          {
            "meta": {
              "name": "Title"
            },
            "position": {
              "basis": "36px",
              "shrink": 0
            },
            "props": {
              "style": {
                "classes": "framework/hyperlink",
                "fontSize": "20px"
              },
              "target": "tab",
              "text": "Historical Data",
              "url": "https://links.inductiveautomation.com/81-tag-history-bindings-perspective"
            },
            "type": "ia.navigation.link"
          },
          {
            "meta": {
              "name": "Description"
            },
            "position": {
              "shrink": 0
            },
            "props": {
              "source": "The Tag Historian Module provides power and flexibility for storing and accessing historical data. When history is enabled on an Ignition Tag, data is stored automatically in your SQL database in an efficient format. This data is then available for querying through scripting, historical bindings, and reporting. Options for partitioning and deleting old data help to ensure the system stays maintained with minimal extra work. Tag Historian\u0027s robust querying features provide you great flexibility in how you retrieve the stored data."
            },
            "type": "ia.display.markdown"
          },
          {
            "meta": {
              "name": "Link"
            },
            "position": {
              "shrink": 0
            },
            "props": {
              "style": {
                "classes": "framework/hyperlink",
                "marginBottom": "30px",
                "marginTop": "10px"
              },
              "target": "tab",
              "text": "Learn more about Tag History Configuration",
              "url": "https://links.inductiveautomation.com/81-docs-config-tag-history"
            },
            "type": "ia.navigation.link"
          },
          {
            "children": [
              {
                "children": [
                  {
                    "meta": {
                      "name": "Label"
                    },
                    "position": {
                      "basis": "50px",
                      "shrink": 0
                    },
                    "props": {
                      "style": {
                        "textAlign": "center"
                      },
                      "text": "Tag History Binding:"
                    },
                    "type": "ia.display.label"
                  },
                  {
                    "meta": {
                      "name": "Time Series Chart"
                    },
                    "position": {
                      "basis": "300px",
                      "shrink": 0
                    },
                    "propConfig": {
                      "props.series[0].data": {
                        "binding": {
                          "config": {
                            "aggregate": "MinMax",
                            "avoidScanClassValidation": true,
                            "dateRange": {
                              "mostRecent": "15",
                              "mostRecentUnits": "MIN"
                            },
                            "ignoreBadQuality": false,
                            "polling": {
                              "enabled": true,
                              "rate": "5"
                            },
                            "preventInterpolation": false,
                            "returnFormat": "Wide",
                            "returnSize": {
                              "numRows": "200",
                              "type": "FIXED"
                            },
                            "tags": [
                              {
                                "alias": "Temp",
                                "path": "[Sample_Tags]Realistic/Realistic1"
                              },
                              {
                                "alias": "Pressure",
                                "path": "[Sample_Tags]Realistic/Realistic2"
                              }
                            ],
                            "valueFormat": "DATASET"
                          },
                          "type": "tag-history"
                        }
                      }
                    },
                    "props": {
                      "defaultStyles": {
                        "colorScheme": "Dark2",
                        "muted": {
                          "fill": {
                            "opacity": 0.8
                          }
                        },
                        "normal": {
                          "fill": {
                            "opacity": 1
                          },
                          "stroke": {
                            "opacity": 1,
                            "width": 1.5
                          }
                        }
                      },
                      "legend": {
                        "visible": true
                      },
                      "series": [
                        {
                          "name": "Boiler"
                        }
                      ],
                      "timeRange": {
                        "visible": false
                      },
                      "title": {
                        "font": {
                          "color": "var(--neutral-70)",
                          "size": 16
                        },
                        "height": 24,
                        "text": "Temp and Pressure (Last 15 min)",
                        "visible": true
                      }
                    },
                    "type": "ia.chart.timeseries"
                  }
                ],
                "meta": {
                  "name": "Tag History Binding"
                },
                "position": {
                  "basis": "400px"
                },
                "props": {
                  "alignContent": "flex-start",
                  "direction": "column"
                },
                "type": "ia.container.flex"
              },
              {
                "children": [
                  {
                    "meta": {
                      "name": "Label"
                    },
                    "position": {
                      "basis": "50px",
                      "shrink": 0
                    },
                    "props": {
                      "style": {
                        "textAlign": "center"
                      },
                      "text": "Tag History Calculations:"
                    },
                    "type": "ia.display.label"
                  },
                  {
                    "meta": {
                      "name": "Table"
                    },
                    "position": {
                      "basis": "200px",
                      "shrink": 0
                    },
                    "propConfig": {
                      "props.data": {
                        "binding": {
                          "config": {
                            "avoidScanClassValidation": true,
                            "calculations": [
                              "Variance",
                              "StdDev"
                            ],
                            "dateRange": {
                              "mostRecent": "15",
                              "mostRecentUnits": "MIN"
                            },
                            "ignoreBadQuality": false,
                            "polling": {
                              "enabled": true,
                              "rate": "5"
                            },
                            "preventInterpolation": false,
                            "returnFormat": "Calculations",
                            "tags": [
                              {
                                "alias": "Temp",
                                "path": "[Sample_Tags]Realistic/Realistic1"
                              },
                              {
                                "alias": "Pressure",
                                "path": "[Sample_Tags]Realistic/Realistic2"
                              }
                            ],
                            "valueFormat": "DATASET"
                          },
                          "type": "tag-history"
                        }
                      }
                    },
                    "props": {
                      "columns": [
                        {
                          "align": "center",
                          "boolean": "checkbox",
                          "dateFormat": "MM/DD/YYYY",
                          "editable": false,
                          "field": "tagpath",
                          "footer": {
                            "align": "center",
                            "justify": "left",
                            "style": {
                              "classes": ""
                            },
                            "title": ""
                          },
                          "header": {
                            "align": "center",
                            "justify": "left",
                            "style": {
                              "classes": ""
                            },
                            "title": "Tag"
                          },
                          "justify": "auto",
                          "number": "value",
                          "numberFormat": "0,0.##",
                          "progressBar": {
                            "bar": {
                              "color": "",
                              "style": {
                                "classes": ""
                              }
                            },
                            "max": 100,
                            "min": 0,
                            "track": {
                              "color": "",
                              "style": {
                                "classes": ""
                              }
                            },
                            "value": {
                              "enabled": true,
                              "format": "0,0.##",
                              "justify": "center",
                              "style": {
                                "classes": ""
                              }
                            }
                          },
                          "render": "auto",
                          "resizable": true,
                          "sort": "none",
                          "sortable": true,
                          "strictWidth": false,
                          "style": {
                            "classes": ""
                          },
                          "toggleSwitch": {
                            "color": {
                              "selected": "",
                              "unselected": ""
                            }
                          },
                          "viewParams": {},
                          "viewPath": "",
                          "visible": true,
                          "width": ""
                        },
                        {
                          "align": "center",
                          "boolean": "checkbox",
                          "dateFormat": "MM/DD/YYYY",
                          "editable": false,
                          "field": "Variance",
                          "footer": {
                            "align": "center",
                            "justify": "left",
                            "style": {
                              "classes": ""
                            },
                            "title": ""
                          },
                          "header": {
                            "align": "center",
                            "justify": "left",
                            "style": {
                              "classes": ""
                            },
                            "title": ""
                          },
                          "justify": "auto",
                          "number": "value",
                          "numberFormat": "0,0.##",
                          "progressBar": {
                            "bar": {
                              "color": "",
                              "style": {
                                "classes": ""
                              }
                            },
                            "max": 100,
                            "min": 0,
                            "track": {
                              "color": "",
                              "style": {
                                "classes": ""
                              }
                            },
                            "value": {
                              "enabled": true,
                              "format": "0,0.##",
                              "justify": "center",
                              "style": {
                                "classes": ""
                              }
                            }
                          },
                          "render": "auto",
                          "resizable": true,
                          "sort": "none",
                          "sortable": true,
                          "strictWidth": false,
                          "style": {
                            "classes": ""
                          },
                          "toggleSwitch": {
                            "color": {
                              "selected": "",
                              "unselected": ""
                            }
                          },
                          "viewParams": {},
                          "viewPath": "",
                          "visible": true,
                          "width": ""
                        },
                        {
                          "align": "center",
                          "boolean": "checkbox",
                          "dateFormat": "MM/DD/YYYY",
                          "editable": false,
                          "field": "StdDev",
                          "footer": {
                            "align": "center",
                            "justify": "left",
                            "style": {
                              "classes": ""
                            },
                            "title": ""
                          },
                          "header": {
                            "align": "center",
                            "justify": "left",
                            "style": {
                              "classes": ""
                            },
                            "title": ""
                          },
                          "justify": "auto",
                          "number": "value",
                          "numberFormat": "0,0.##",
                          "progressBar": {
                            "bar": {
                              "color": "",
                              "style": {
                                "classes": ""
                              }
                            },
                            "max": 100,
                            "min": 0,
                            "track": {
                              "color": "",
                              "style": {
                                "classes": ""
                              }
                            },
                            "value": {
                              "enabled": true,
                              "format": "0,0.##",
                              "justify": "center",
                              "style": {
                                "classes": ""
                              }
                            }
                          },
                          "render": "auto",
                          "resizable": true,
                          "sort": "none",
                          "sortable": true,
                          "strictWidth": false,
                          "style": {
                            "classes": ""
                          },
                          "toggleSwitch": {
                            "color": {
                              "selected": "",
                              "unselected": ""
                            }
                          },
                          "viewParams": {},
                          "viewPath": "",
                          "visible": true,
                          "width": ""
                        }
                      ],
                      "pager": {
                        "bottom": false
                      }
                    },
                    "type": "ia.display.table"
                  }
                ],
                "meta": {
                  "name": "Tag History Calcs"
                },
                "position": {
                  "basis": "400px"
                },
                "props": {
                  "alignContent": "flex-start",
                  "direction": "column"
                },
                "type": "ia.container.flex"
              },
              {
                "children": [
                  {
                    "meta": {
                      "name": "Label"
                    },
                    "position": {
                      "basis": "50px",
                      "shrink": 0
                    },
                    "props": {
                      "style": {
                        "textAlign": "center"
                      },
                      "text": "Ad Hoc Trending:"
                    },
                    "type": "ia.display.label"
                  },
                  {
                    "meta": {
                      "name": "Dropdown"
                    },
                    "position": {
                      "basis": "36px",
                      "shrink": 0
                    },
                    "props": {
                      "multiSelect": true,
                      "options": [
                        {
                          "label": "Temp",
                          "value": "[Sample_Tags]Realistic/Realistic0"
                        },
                        {
                          "label": "Pressure",
                          "value": "[Sample_Tags]Realistic/Realistic1"
                        },
                        {
                          "label": "Amps",
                          "value": "[Sample_Tags]Realistic/Realistic2"
                        }
                      ],
                      "value": [
                        "[Sample_Tags]Realistic/Realistic0",
                        "[Sample_Tags]Realistic/Realistic1",
                        "[Sample_Tags]Realistic/Realistic2"
                      ]
                    },
                    "type": "ia.input.dropdown"
                  },
                  {
                    "meta": {
                      "name": "Chart Range Selector"
                    },
                    "position": {
                      "basis": "100px",
                      "shrink": 0
                    },
                    "propConfig": {
                      "props.data": {
                        "binding": {
                          "config": {
                            "aggregate": "MinMax",
                            "avoidScanClassValidation": true,
                            "dateRange": {
                              "mostRecent": "1",
                              "mostRecentUnits": "HOUR"
                            },
                            "enableValueCache": true,
                            "ignoreBadQuality": false,
                            "polling": {
                              "enabled": true,
                              "rate": "5"
                            },
                            "preventInterpolation": false,
                            "returnFormat": "Wide",
                            "returnSize": {
                              "numRows": "100",
                              "type": "FIXED"
                            },
                            "tags": "{parent.custom.selectedTags}",
                            "valueFormat": "DATASET"
                          },
                          "type": "tag-history"
                        }
                      },
                      "props.selectedRange": {
                        "binding": {
                          "config": {
                            "expression": "now(0)"
                          },
                          "transforms": [
                            {
                              "code": "\treturn {\u0027start\u0027: system.date.addMinutes(value, -15), \u0027end\u0027:value}",
                              "type": "script"
                            }
                          ],
                          "type": "expr"
                        }
                      }
                    },
                    "props": {
                      "areaStyles": {
                        "colorScheme": "Paired"
                      },
                      "brushRange": {
                        "visible": false
                      },
                      "enablePanZoom": false
                    },
                    "type": "ia.chart.chartrangeselector"
                  },
                  {
                    "meta": {
                      "name": "Time Series Chart"
                    },
                    "position": {
                      "basis": "200px",
                      "shrink": 0
                    },
                    "propConfig": {
                      "props.series[0].data": {
                        "binding": {
                          "config": {
                            "aggregate": "MinMax",
                            "avoidScanClassValidation": true,
                            "dateRange": {
                              "endDate": "{../Chart Range Selector.props.selectedRange.end}",
                              "startDate": "{../Chart Range Selector.props.selectedRange.start}"
                            },
                            "enableValueCache": true,
                            "ignoreBadQuality": false,
                            "preventInterpolation": false,
                            "returnFormat": "Wide",
                            "returnSize": {
                              "numRows": "100",
                              "type": "FIXED"
                            },
                            "tags": "{parent.custom.selectedTags}",
                            "valueFormat": "DATASET"
                          },
                          "type": "tag-history"
                        }
                      }
                    },
                    "props": {
                      "defaultStyles": {
                        "colorScheme": "Paired",
                        "normal": {
                          "fill": {
                            "opacity": 1
                          },
                          "stroke": {
                            "opacity": 1,
                            "width": 1.5
                          }
                        }
                      },
                      "series": [
                        {
                          "name": "Data"
                        }
                      ],
                      "xTrace": {
                        "visible": false
                      }
                    },
                    "type": "ia.chart.timeseries"
                  }
                ],
                "meta": {
                  "name": "Ad Hoc Trending"
                },
                "position": {
                  "basis": "400px"
                },
                "propConfig": {
                  "custom.selectedTags": {
                    "binding": {
                      "config": {
                        "path": "./Dropdown.props.value"
                      },
                      "transforms": [
                        {
                          "code": "\treturn [{\u0027path\u0027: path, \u0027alias\u0027: path} for path in value]",
                          "type": "script"
                        }
                      ],
                      "type": "property"
                    }
                  }
                },
                "props": {
                  "alignContent": "flex-start",
                  "direction": "column"
                },
                "type": "ia.container.flex"
              }
            ],
            "meta": {
              "name": "Examples"
            },
            "position": {
              "basis": "400px",
              "grow": 1,
              "shrink": 0
            },
            "props": {
              "justify": "space-evenly",
              "style": {
                "overflow": "visible"
              },
              "wrap": "wrap"
            },
            "type": "ia.container.flex"
          }
        ],
        "meta": {
          "name": "Flex Container"
        },
        "position": {
          "basis": "1010px",
          "grow": 1
        },
        "props": {
          "direction": "column",
          "style": {
            "classes": "layouts/ignition-101-margin"
          }
        },
        "type": "ia.container.flex"
      },
      {
        "meta": {
          "name": "Path"
        },
        "position": {
          "basis": "32px",
          "shrink": 0
        },
        "props": {
          "style": {
            "backgroundColor": "var(--info)",
            "color": "var(--neutral-10)",
            "fontSize": "12px"
          },
          "text": "Open this view in the Designer: Ignition 101/Feature Views/Application/Historical Data",
          "textStyle": {
            "fontWeight": "500",
            "textAlign": "center"
          }
        },
        "type": "ia.display.label"
      }
    ],
    "meta": {
      "name": "root"
    },
    "props": {
      "direction": "column",
      "justify": "space-between"
    },
    "type": "ia.container.flex"
  }
}