{
  "custom": {},
  "params": {},
  "props": {
    "defaultSize": {
      "height": 288,
      "width": 256
    }
  },
  "root": {
    "children": [
      {
        "meta": {
          "name": "MenuTree"
        },
        "position": {
          "basis": "100%",
          "shrink": 0
        },
        "propConfig": {
          "props.items[0].style.classes": {
            "binding": {
              "config": {
                "path": "page.props.path"
              },
              "transforms": [
                {
                  "fallback": "framework/sidebar-items",
                  "inputType": "scalar",
                  "mappings": [
                    {
                      "input": "/components/containers/breakpoint",
                      "output": "framework/sidebar-items-selected"
                    }
                  ],
                  "outputType": "scalar",
                  "type": "map"
                }
              ],
              "type": "property"
            }
          },
          "props.items[1].style.classes": {
            "binding": {
              "config": {
                "path": "page.props.path"
              },
              "transforms": [
                {
                  "fallback": "framework/sidebar-items",
                  "inputType": "scalar",
                  "mappings": [
                    {
                      "input": "/components/containers/column",
                      "output": "framework/sidebar-items-selected"
                    }
                  ],
                  "outputType": "scalar",
                  "type": "map"
                }
              ],
              "type": "property"
            }
          },
          "props.items[2].style.classes": {
            "binding": {
              "config": {
                "path": "page.props.path"
              },
              "transforms": [
                {
                  "fallback": "framework/sidebar-items",
                  "inputType": "scalar",
                  "mappings": [
                    {
                      "input": "/components/containers/coordinate",
                      "output": "framework/sidebar-items-selected"
                    }
                  ],
                  "outputType": "scalar",
                  "type": "map"
                }
              ],
              "type": "property"
            }
          },
          "props.items[3].style.classes": {
            "binding": {
              "config": {
                "path": "page.props.path"
              },
              "transforms": [
                {
                  "fallback": "framework/sidebar-items",
                  "inputType": "scalar",
                  "mappings": [
                    {
                      "input": "/components/containers/flex",
                      "output": "framework/sidebar-items-selected"
                    }
                  ],
                  "outputType": "scalar",
                  "type": "map"
                }
              ],
              "type": "property"
            }
          },
          "props.items[4].style.classes": {
            "binding": {
              "config": {
                "path": "page.props.path"
              },
              "transforms": [
                {
                  "fallback": "framework/sidebar-items",
                  "inputType": "scalar",
                  "mappings": [
                    {
                      "input": "/components/containers/split",
                      "output": "framework/sidebar-items-selected"
                    }
                  ],
                  "outputType": "scalar",
                  "type": "map"
                }
              ],
              "type": "property"
            }
          },
          "props.items[5].style.classes": {
            "binding": {
              "config": {
                "path": "page.props.path"
              },
              "transforms": [
                {
                  "fallback": "framework/sidebar-items",
                  "inputType": "scalar",
                  "mappings": [
                    {
                      "input": "/components/containers/tab",
                      "output": "framework/sidebar-items-selected"
                    }
                  ],
                  "outputType": "scalar",
                  "type": "map"
                }
              ],
              "type": "property"
            }
          }
        },
        "props": {
          "itemStyle": {
            "classes": "framework/sidebar-items"
          },
          "items": [
            {
              "enabled": true,
              "items": [],
              "label": {
                "icon": {
                  "path": "sample-components/container-breakPoint"
                },
                "text": "Breakpoint"
              },
              "navIcon": {
                "path": ""
              },
              "showHeader": true,
              "style": {},
              "target": "/components/containers/breakpoint",
              "visible": true
            },
            {
              "enabled": true,
              "items": [],
              "label": {
                "icon": {
                  "path": "sample-components/container-column"
                },
                "text": "Column"
              },
              "navIcon": {
                "path": ""
              },
              "showHeader": true,
              "style": {},
              "target": "/components/containers/column",
              "visible": true
            },
            {
              "enabled": true,
              "items": [],
              "label": {
                "icon": {
                  "path": "sample-components/container-coordinate"
                },
                "text": "Coordinate"
              },
              "navIcon": {
                "path": ""
              },
              "showHeader": true,
              "style": {},
              "target": "/components/containers/coordinate",
              "visible": true
            },
            {
              "enabled": true,
              "items": [],
              "label": {
                "icon": {
                  "path": "sample-components/container-flex"
                },
                "text": "Flex"
              },
              "navIcon": {
                "path": ""
              },
              "showHeader": true,
              "style": {},
              "target": "/components/containers/flex",
              "visible": true
            },
            {
              "enabled": true,
              "items": [],
              "label": {
                "icon": {
                  "path": "sample-components/container-split"
                },
                "text": "Split"
              },
              "navIcon": {
                "path": ""
              },
              "resetOnClick": false,
              "showHeader": true,
              "style": {},
              "target": "/components/containers/split",
              "visible": true
            },
            {
              "enabled": true,
              "items": [],
              "label": {
                "icon": {
                  "path": "sample-components/container-tab"
                },
                "text": "Tab"
              },
              "navIcon": {
                "path": ""
              },
              "showHeader": true,
              "style": {},
              "target": "/components/containers/tab",
              "visible": true
            }
          ]
        },
        "type": "ia.navigation.menutree"
      }
    ],
    "meta": {
      "name": "root"
    },
    "type": "ia.container.flex"
  }
}