{
  "custom": {},
  "params": {},
  "props": {
    "defaultSize": {
      "height": 240,
      "width": 256
    }
  },
  "root": {
    "children": [
      {
        "meta": {
          "name": "MenuTree"
        },
        "position": {
          "basis": "100%",
          "shrink": 0
        },
        "propConfig": {
          "props.items[0].style.classes": {
            "binding": {
              "config": {
                "path": "page.props.path"
              },
              "transforms": [
                {
                  "fallback": "framework/sidebar-items",
                  "inputType": "scalar",
                  "mappings": [
                    {
                      "input": "/components/embedding/accordion",
                      "output": "framework/sidebar-items-selected"
                    }
                  ],
                  "outputType": "scalar",
                  "type": "map"
                }
              ],
              "type": "property"
            }
          },
          "props.items[1].style.classes": {
            "binding": {
              "config": {
                "path": "page.props.path"
              },
              "transforms": [
                {
                  "fallback": "framework/sidebar-items",
                  "inputType": "scalar",
                  "mappings": [
                    {
                      "input": "/components/embedding/carousel",
                      "output": "framework/sidebar-items-selected"
                    }
                  ],
                  "outputType": "scalar",
                  "type": "map"
                }
              ],
              "type": "property"
            }
          },
          "props.items[2].style.classes": {
            "binding": {
              "config": {
                "path": "page.props.path"
              },
              "transforms": [
                {
                  "fallback": "framework/sidebar-items",
                  "inputType": "scalar",
                  "mappings": [
                    {
                      "input": "/components/embedding/embedded-view",
                      "output": "framework/sidebar-items-selected"
                    }
                  ],
                  "outputType": "scalar",
                  "type": "map"
                }
              ],
              "type": "property"
            }
          },
          "props.items[3].style.classes": {
            "binding": {
              "config": {
                "path": "page.props.path"
              },
              "transforms": [
                {
                  "fallback": "framework/sidebar-items",
                  "inputType": "scalar",
                  "mappings": [
                    {
                      "input": "/components/embedding/flex-repeater",
                      "output": "framework/sidebar-items-selected"
                    }
                  ],
                  "outputType": "scalar",
                  "type": "map"
                }
              ],
              "type": "property"
            }
          },
          "props.items[4].style.classes": {
            "binding": {
              "config": {
                "path": "page.props.path"
              },
              "transforms": [
                {
                  "fallback": "framework/sidebar-items",
                  "inputType": "scalar",
                  "mappings": [
                    {
                      "input": "/components/embedding/view-canvas",
                      "output": "framework/sidebar-items-selected"
                    }
                  ],
                  "outputType": "scalar",
                  "type": "map"
                }
              ],
              "type": "property"
            }
          }
        },
        "props": {
          "itemStyle": {
            "classes": "framework/sidebar-items"
          },
          "items": [
            {
              "enabled": true,
              "items": [],
              "label": {
                "icon": {
                  "path": "sample-components/embedding-accordion"
                },
                "text": "Accordion"
              },
              "navIcon": {
                "path": ""
              },
              "showHeader": true,
              "style": {},
              "target": "/components/embedding/accordion",
              "visible": true
            },
            {
              "enabled": true,
              "items": [],
              "label": {
                "icon": {
                  "path": "sample-components/embedding-carousel"
                },
                "text": "Carousel"
              },
              "navIcon": {
                "path": ""
              },
              "showHeader": true,
              "style": {},
              "target": "/components/embedding/carousel",
              "visible": true
            },
            {
              "enabled": true,
              "items": [],
              "label": {
                "icon": {
                  "path": "sample-components/embedding-embeddedView"
                },
                "text": "Embedded View"
              },
              "navIcon": {
                "path": ""
              },
              "showHeader": true,
              "style": {},
              "target": "/components/embedding/embedded-view",
              "visible": true
            },
            {
              "enabled": true,
              "items": [],
              "label": {
                "icon": {
                  "path": "sample-components/embedding-flexRepeater"
                },
                "text": "Flex Repeater"
              },
              "navIcon": {
                "path": ""
              },
              "showHeader": true,
              "style": {},
              "target": "/components/embedding/flex-repeater",
              "visible": true
            },
            {
              "enabled": true,
              "items": [],
              "label": {
                "icon": {
                  "path": "sample-components/embedding-viewCanvas"
                },
                "text": "View Canvas"
              },
              "navIcon": {
                "path": ""
              },
              "showHeader": true,
              "style": {},
              "target": "/components/embedding/view-canvas",
              "visible": true
            }
          ]
        },
        "type": "ia.navigation.menutree"
      }
    ],
    "meta": {
      "name": "root"
    },
    "type": "ia.container.flex"
  }
}