{
  "custom": {},
  "params": {},
  "props": {},
  "root": {
    "children": [
      {
        "meta": {
          "name": "Title"
        },
        "position": {
          "basis": "56px",
          "shrink": 0
        },
        "props": {
          "style": {
            "classes": "framework/hyperlink framework/page-title"
          },
          "target": "tab",
          "text": "Split",
          "url": "https://links.inductiveautomation.com/81-perspective-comp-split-container"
        },
        "type": "ia.navigation.link"
      },
      {
        "meta": {
          "name": "Label"
        },
        "position": {
          "shrink": 0
        },
        "props": {
          "text": "The Split container has exactly two children panels that are separated by a draggable divider handle that is used to resize the panels at runtime. These children can components, embedded views, or even additional split containers."
        },
        "type": "ia.display.label"
      },
      {
        "children": [
          {
            "children": [
              {
                "meta": {
                  "name": "View 1"
                },
                "position": {
                  "position": "left"
                },
                "props": {
                  "style": {
                    "classes": "layouts/container-B layouts/container-label"
                  },
                  "text": "VIEW 1"
                },
                "type": "ia.display.label"
              },
              {
                "meta": {
                  "name": "View 2"
                },
                "position": {
                  "position": "right"
                },
                "props": {
                  "style": {
                    "classes": "layouts/container-B layouts/container-label"
                  },
                  "text": "VIEW 2"
                },
                "type": "ia.display.label"
              }
            ],
            "meta": {
              "name": "Horizontal Split Container"
            },
            "type": "ia.container.split"
          },
          {
            "children": [
              {
                "meta": {
                  "name": "View 1"
                },
                "position": {
                  "position": "top"
                },
                "props": {
                  "style": {
                    "classes": "layouts/container-B layouts/container-label"
                  },
                  "text": "VIEW 1"
                },
                "type": "ia.display.label"
              },
              {
                "meta": {
                  "name": "View 2"
                },
                "position": {
                  "position": "bottom"
                },
                "props": {
                  "style": {
                    "classes": "layouts/container-B layouts/container-label"
                  },
                  "text": "VIEW 2"
                },
                "type": "ia.display.label"
              }
            ],
            "meta": {
              "name": "Vertical Split Container"
            },
            "position": {
              "tabIndex": 1
            },
            "props": {
              "orientation": "vertical"
            },
            "type": "ia.container.split"
          }
        ],
        "meta": {
          "name": "Tab Container"
        },
        "position": {
          "basis": "300px",
          "grow": 1
        },
        "props": {
          "style": {
            "marginTop": "20px"
          },
          "tabs": [
            "Horizontal",
            "Vertical"
          ]
        },
        "type": "ia.container.tab"
      }
    ],
    "meta": {
      "name": "root"
    },
    "props": {
      "direction": "column"
    },
    "type": "ia.container.flex"
  }
}