{
  "custom": {},
  "params": {},
  "props": {
    "defaultSize": {
      "height": 1186
    }
  },
  "root": {
    "children": [
      {
        "meta": {
          "name": "Title"
        },
        "position": {
          "basis": "56px",
          "shrink": 0
        },
        "props": {
          "style": {
            "classes": "framework/hyperlink framework/page-title"
          },
          "target": "tab",
          "text": "Vessel",
          "url": "https://links.inductiveautomation.com/81-perspective-comp-vessel"
        },
        "type": "ia.navigation.link"
      },
      {
        "meta": {
          "name": "Label"
        },
        "position": {
          "shrink": 0
        },
        "props": {
          "text": "The Vessel component is a smart symbol which can be customized to match the desired look of your application. Below are some the properties that can be adjusted in the designer. "
        },
        "type": "ia.display.label"
      },
      {
        "children": [
          {
            "meta": {
              "name": "Vessel"
            },
            "position": {
              "shrink": 0
            },
            "props": {
              "animated": false,
              "animationSpeed": 100,
              "appearance": "simple",
              "label": {
                "justify": "left",
                "location": "hidden",
                "text": "Tank"
              },
              "liquidColor": "lightblue",
              "liquidWarningColor": "lightblue",
              "state": "stopped",
              "style": {
                "borderColor": "#0C53FC",
                "borderStyle": "dotted",
                "borderWidth": "1px",
                "marginBottom": "20px",
                "marginTop": "20px",
                "padding": "4px",
                "width": 200
              },
              "value": {
                "displayValueAsPercent": false,
                "justify": "left",
                "location": "hidden",
                "value": 50
              }
            },
            "type": "ia.symbol.vessel"
          }
        ],
        "meta": {
          "name": "Vessel Container"
        },
        "position": {
          "basis": "250px",
          "shrink": 0
        },
        "props": {
          "justify": "center"
        },
        "type": "ia.container.flex"
      },
      {
        "children": [
          {
            "children": [
              {
                "meta": {
                  "name": "Title"
                },
                "props": {
                  "style": {
                    "classes": "components/title-label",
                    "fontSize": "1.2em",
                    "fontWeight": "bolder",
                    "marginBottom": "10px",
                    "textAlign": "center",
                    "textDecoration": "underline"
                  },
                  "text": "Vessel"
                },
                "type": "ia.display.label"
              },
              {
                "children": [
                  {
                    "meta": {
                      "name": "Label"
                    },
                    "position": {
                      "basis": "200px"
                    },
                    "props": {
                      "text": "Appearance"
                    },
                    "type": "ia.display.label"
                  },
                  {
                    "meta": {
                      "name": "Dropdown"
                    },
                    "position": {
                      "basis": "200px"
                    },
                    "propConfig": {
                      "props.value": {
                        "binding": {
                          "config": {
                            "bidirectional": true,
                            "path": "...../Vessel Container/Vessel.props.appearance"
                          },
                          "type": "property"
                        }
                      }
                    },
                    "props": {
                      "options": [
                        {
                          "label": "Simple",
                          "value": "simple"
                        },
                        {
                          "label": "P\u0026ID",
                          "value": "p\u0026id"
                        },
                        {
                          "label": "Mimic",
                          "value": "mimic"
                        },
                        {
                          "label": "Auto",
                          "value": "auto"
                        }
                      ]
                    },
                    "type": "ia.input.dropdown"
                  }
                ],
                "meta": {
                  "name": "Appearance"
                },
                "position": {
                  "basis": "30px",
                  "shrink": 0
                },
                "props": {
                  "style": {
                    "alignSelf": "stretch",
                    "classes": "components/row-label"
                  }
                },
                "type": "ia.container.flex"
              },
              {
                "children": [
                  {
                    "meta": {
                      "name": "Label"
                    },
                    "position": {
                      "basis": "200px"
                    },
                    "props": {
                      "text": "Animation Speed"
                    },
                    "type": "ia.display.label"
                  },
                  {
                    "meta": {
                      "name": "Numeric Entry Field"
                    },
                    "position": {
                      "basis": "200px"
                    },
                    "propConfig": {
                      "props.value": {
                        "binding": {
                          "config": {
                            "bidirectional": true,
                            "path": "...../Vessel Container/Vessel.props.animationSpeed"
                          },
                          "type": "property"
                        }
                      }
                    },
                    "type": "ia.input.numeric-entry-field"
                  }
                ],
                "meta": {
                  "name": "Animated"
                },
                "position": {
                  "basis": "30px",
                  "shrink": 0
                },
                "props": {
                  "style": {
                    "alignSelf": "stretch",
                    "classes": "components/row-label"
                  }
                },
                "type": "ia.container.flex"
              },
              {
                "children": [
                  {
                    "meta": {
                      "name": "Label"
                    },
                    "position": {
                      "basis": "200px"
                    },
                    "props": {
                      "text": "State"
                    },
                    "type": "ia.display.label"
                  },
                  {
                    "meta": {
                      "name": "Dropdown"
                    },
                    "position": {
                      "basis": "200px"
                    },
                    "propConfig": {
                      "props.value": {
                        "binding": {
                          "config": {
                            "bidirectional": true,
                            "path": "...../Vessel Container/Vessel.props.state"
                          },
                          "type": "property"
                        }
                      }
                    },
                    "props": {
                      "allowCustomOptions": true,
                      "options": [
                        {
                          "label": "Default",
                          "value": "default"
                        },
                        {
                          "label": "Running",
                          "value": "running"
                        },
                        {
                          "label": "Stopped",
                          "value": "stopped"
                        },
                        {
                          "label": "Faulted",
                          "value": "faulted"
                        }
                      ]
                    },
                    "type": "ia.input.dropdown"
                  }
                ],
                "meta": {
                  "name": "State"
                },
                "position": {
                  "basis": "30px",
                  "shrink": 0
                },
                "props": {
                  "style": {
                    "alignSelf": "stretch",
                    "classes": "components/row-label"
                  }
                },
                "type": "ia.container.flex"
              },
              {
                "children": [
                  {
                    "meta": {
                      "name": "Label"
                    },
                    "position": {
                      "basis": "200px"
                    },
                    "props": {
                      "text": "Orientation"
                    },
                    "type": "ia.display.label"
                  },
                  {
                    "meta": {
                      "name": "Dropdown"
                    },
                    "position": {
                      "basis": "200px"
                    },
                    "propConfig": {
                      "props.value": {
                        "binding": {
                          "config": {
                            "bidirectional": true,
                            "path": "...../Vessel Container/Vessel.props.orientation"
                          },
                          "type": "property"
                        }
                      }
                    },
                    "props": {
                      "options": [
                        {
                          "label": "Vertical",
                          "value": "vertical"
                        },
                        {
                          "label": "Horizontal",
                          "value": "horizontal"
                        }
                      ]
                    },
                    "type": "ia.input.dropdown"
                  }
                ],
                "meta": {
                  "name": "Orientation"
                },
                "position": {
                  "basis": "30px",
                  "shrink": 0
                },
                "props": {
                  "style": {
                    "alignSelf": "stretch",
                    "classes": "components/row-label"
                  }
                },
                "type": "ia.container.flex"
              },
              {
                "children": [
                  {
                    "meta": {
                      "name": "Label"
                    },
                    "position": {
                      "basis": "200px"
                    },
                    "props": {
                      "text": "Bottom"
                    },
                    "type": "ia.display.label"
                  },
                  {
                    "meta": {
                      "name": "Dropdown"
                    },
                    "position": {
                      "basis": "200px"
                    },
                    "propConfig": {
                      "props.enabled": {
                        "binding": {
                          "config": {
                            "expression": "{...../Vessel Container/Vessel.props.orientation} !\u003d \"horizontal\""
                          },
                          "type": "expr"
                        }
                      },
                      "props.value": {
                        "binding": {
                          "config": {
                            "bidirectional": true,
                            "path": "...../Vessel Container/Vessel.props.bottom"
                          },
                          "type": "property"
                        }
                      }
                    },
                    "props": {
                      "options": [
                        {
                          "label": "Flat",
                          "value": "flat"
                        },
                        {
                          "label": "Conical",
                          "value": "conical"
                        },
                        {
                          "label": "Rounded",
                          "value": "rounded"
                        }
                      ]
                    },
                    "type": "ia.input.dropdown"
                  }
                ],
                "meta": {
                  "name": "Bottom"
                },
                "position": {
                  "basis": "30px",
                  "shrink": 0
                },
                "props": {
                  "style": {
                    "alignSelf": "stretch",
                    "classes": "components/row-label"
                  }
                },
                "type": "ia.container.flex"
              },
              {
                "meta": {
                  "name": "Stand Checkbox"
                },
                "position": {
                  "basis": "30px",
                  "shrink": 0
                },
                "propConfig": {
                  "props.enabled": {
                    "binding": {
                      "config": {
                        "expression": "{..../Vessel Container/Vessel.props.appearance} !\u003d \"p\u0026id\""
                      },
                      "type": "expr"
                    }
                  },
                  "props.selected": {
                    "binding": {
                      "config": {
                        "bidirectional": true,
                        "path": "..../Vessel Container/Vessel.props.displayStand"
                      },
                      "type": "property"
                    }
                  }
                },
                "props": {
                  "text": "Display Stand"
                },
                "type": "ia.input.checkbox"
              },
              {
                "meta": {
                  "name": "Agitator Checkbox"
                },
                "position": {
                  "basis": "30px",
                  "shrink": 0
                },
                "propConfig": {
                  "props.selected": {
                    "binding": {
                      "config": {
                        "bidirectional": true,
                        "path": "..../Vessel Container/Vessel.props.displayAgitator"
                      },
                      "type": "property"
                    }
                  }
                },
                "props": {
                  "text": "Display Agitator"
                },
                "type": "ia.input.checkbox"
              },
              {
                "meta": {
                  "name": "Checkbox"
                },
                "position": {
                  "basis": "30px",
                  "shrink": 0
                },
                "propConfig": {
                  "props.selected": {
                    "binding": {
                      "config": {
                        "bidirectional": true,
                        "path": "..../Vessel Container/Vessel.props.displayFillLevel"
                      },
                      "type": "property"
                    }
                  }
                },
                "props": {
                  "text": "Display Fill Level"
                },
                "type": "ia.input.checkbox"
              },
              {
                "children": [
                  {
                    "meta": {
                      "name": "Label"
                    },
                    "position": {
                      "basis": "175px",
                      "shrink": 0
                    },
                    "props": {
                      "text": "Liquid Color"
                    },
                    "type": "ia.display.label"
                  },
                  {
                    "meta": {
                      "name": "Text Field"
                    },
                    "position": {
                      "basis": "175px",
                      "grow": 1
                    },
                    "propConfig": {
                      "props.text": {
                        "binding": {
                          "config": {
                            "bidirectional": true,
                            "path": "...../Vessel Container/Vessel.props.liquidColor"
                          },
                          "type": "property"
                        }
                      }
                    },
                    "type": "ia.input.text-field"
                  }
                ],
                "meta": {
                  "name": "Liquid Color"
                },
                "position": {
                  "basis": "30px",
                  "shrink": 0
                },
                "props": {
                  "style": {
                    "alignSelf": "stretch",
                    "classes": "components/row-label"
                  }
                },
                "type": "ia.container.flex"
              },
              {
                "children": [
                  {
                    "meta": {
                      "name": "Label"
                    },
                    "position": {
                      "basis": "175px",
                      "shrink": 0
                    },
                    "props": {
                      "text": "Liquid Opacity"
                    },
                    "type": "ia.display.label"
                  },
                  {
                    "meta": {
                      "name": "Numeric Entry Field"
                    },
                    "position": {
                      "basis": "175px",
                      "grow": 1
                    },
                    "propConfig": {
                      "props.value": {
                        "binding": {
                          "config": {
                            "bidirectional": true,
                            "path": "...../Vessel Container/Vessel.props.liquidOpacity"
                          },
                          "type": "property"
                        }
                      }
                    },
                    "props": {
                      "align": "left",
                      "inputBounds": {
                        "maximum": 1,
                        "minimum": 0
                      }
                    },
                    "type": "ia.input.numeric-entry-field"
                  }
                ],
                "meta": {
                  "name": "Liquid Opacity"
                },
                "position": {
                  "basis": "30px",
                  "shrink": 0
                },
                "props": {
                  "style": {
                    "alignSelf": "stretch",
                    "classes": "components/row-label"
                  }
                },
                "type": "ia.container.flex"
              },
              {
                "children": [
                  {
                    "meta": {
                      "name": "Label"
                    },
                    "position": {
                      "basis": "175px",
                      "shrink": 0
                    },
                    "props": {
                      "text": "Liquid Warning Color"
                    },
                    "type": "ia.display.label"
                  },
                  {
                    "meta": {
                      "name": "Text Field"
                    },
                    "position": {
                      "basis": "175px",
                      "grow": 1
                    },
                    "propConfig": {
                      "props.text": {
                        "binding": {
                          "config": {
                            "bidirectional": true,
                            "path": "...../Vessel Container/Vessel.props.liquidWarningColor"
                          },
                          "type": "property"
                        }
                      }
                    },
                    "type": "ia.input.text-field"
                  }
                ],
                "meta": {
                  "name": "Liquid Warning Color"
                },
                "position": {
                  "basis": "30px",
                  "shrink": 0
                },
                "props": {
                  "style": {
                    "alignSelf": "stretch",
                    "classes": "components/row-label"
                  }
                },
                "type": "ia.container.flex"
              }
            ],
            "meta": {
              "name": "Border"
            },
            "position": {
              "basis": "400px"
            },
            "props": {
              "direction": "column",
              "style": {
                "borderStyle": "solid",
                "borderWidth": "2px",
                "padding": "10px"
              }
            },
            "type": "ia.container.flex"
          }
        ],
        "meta": {
          "name": "Vessel Props"
        },
        "position": {
          "basis": "395px",
          "shrink": 0
        },
        "props": {
          "justify": "center",
          "style": {
            "marginBottom": "20px"
          }
        },
        "type": "ia.container.flex"
      },
      {
        "children": [
          {
            "children": [
              {
                "meta": {
                  "name": "Title"
                },
                "props": {
                  "style": {
                    "classes": "components/title-label",
                    "fontSize": "1.2em",
                    "fontWeight": "bolder",
                    "marginBottom": "10px",
                    "textAlign": "center",
                    "textDecoration": "underline"
                  },
                  "text": "Label"
                },
                "type": "ia.display.label"
              },
              {
                "children": [
                  {
                    "meta": {
                      "name": "Label"
                    },
                    "position": {
                      "basis": "200px"
                    },
                    "props": {
                      "text": "Text"
                    },
                    "type": "ia.display.label"
                  },
                  {
                    "meta": {
                      "name": "Text Field"
                    },
                    "position": {
                      "basis": "200px"
                    },
                    "propConfig": {
                      "props.text": {
                        "binding": {
                          "config": {
                            "bidirectional": true,
                            "path": "...../Vessel Container/Vessel.props.label.text"
                          },
                          "type": "property"
                        }
                      }
                    },
                    "props": {
                      "placeholder": "Motor"
                    },
                    "type": "ia.input.text-field"
                  }
                ],
                "meta": {
                  "name": "Text"
                },
                "position": {
                  "basis": "30px"
                },
                "props": {
                  "style": {
                    "alignSelf": "stretch",
                    "classes": "components/row-label"
                  }
                },
                "type": "ia.container.flex"
              },
              {
                "children": [
                  {
                    "meta": {
                      "name": "Label"
                    },
                    "position": {
                      "basis": "200px"
                    },
                    "props": {
                      "text": "Location"
                    },
                    "type": "ia.display.label"
                  },
                  {
                    "meta": {
                      "name": "Dropdown"
                    },
                    "position": {
                      "basis": "200px"
                    },
                    "propConfig": {
                      "props.value": {
                        "binding": {
                          "config": {
                            "bidirectional": true,
                            "path": "...../Vessel Container/Vessel.props.label.location"
                          },
                          "type": "property"
                        }
                      }
                    },
                    "props": {
                      "options": [
                        {
                          "label": "Top",
                          "value": "top"
                        },
                        {
                          "label": "Bottom",
                          "value": "bottom"
                        },
                        {
                          "label": "Left",
                          "value": "left"
                        },
                        {
                          "label": "Right",
                          "value": "right"
                        },
                        {
                          "label": "Hidden",
                          "value": "hidden"
                        }
                      ]
                    },
                    "type": "ia.input.dropdown"
                  }
                ],
                "meta": {
                  "name": "Orientation"
                },
                "position": {
                  "basis": "30px"
                },
                "props": {
                  "style": {
                    "alignSelf": "stretch",
                    "classes": "components/row-label"
                  }
                },
                "type": "ia.container.flex"
              },
              {
                "children": [
                  {
                    "meta": {
                      "name": "Label"
                    },
                    "position": {
                      "basis": "200px"
                    },
                    "props": {
                      "text": "Justify"
                    },
                    "type": "ia.display.label"
                  },
                  {
                    "meta": {
                      "name": "Dropdown"
                    },
                    "position": {
                      "basis": "200px"
                    },
                    "propConfig": {
                      "props.value": {
                        "binding": {
                          "config": {
                            "bidirectional": true,
                            "path": "...../Vessel Container/Vessel.props.label.justify"
                          },
                          "type": "property"
                        }
                      }
                    },
                    "props": {
                      "options": [
                        {
                          "label": "Left",
                          "value": "left"
                        },
                        {
                          "label": "Center",
                          "value": "center"
                        },
                        {
                          "label": "Right",
                          "value": "right"
                        }
                      ]
                    },
                    "type": "ia.input.dropdown"
                  }
                ],
                "meta": {
                  "name": "Justify"
                },
                "position": {
                  "basis": "30px"
                },
                "props": {
                  "style": {
                    "alignSelf": "stretch",
                    "classes": "components/row-label"
                  }
                },
                "type": "ia.container.flex"
              }
            ],
            "meta": {
              "name": "Border"
            },
            "position": {
              "basis": "400px"
            },
            "props": {
              "direction": "column",
              "style": {
                "borderStyle": "solid",
                "borderWidth": "2px",
                "padding": "10px"
              }
            },
            "type": "ia.container.flex"
          }
        ],
        "meta": {
          "name": "Label Props"
        },
        "position": {
          "basis": "150px",
          "shrink": 0
        },
        "props": {
          "justify": "center",
          "style": {
            "marginBottom": "20px"
          }
        },
        "type": "ia.container.flex"
      },
      {
        "children": [
          {
            "children": [
              {
                "meta": {
                  "name": "Title"
                },
                "props": {
                  "style": {
                    "classes": "components/title-label",
                    "fontSize": "1.2em",
                    "fontWeight": "bolder",
                    "marginBottom": "10px",
                    "textAlign": "center",
                    "textDecoration": "underline"
                  },
                  "text": "Value"
                },
                "type": "ia.display.label"
              },
              {
                "children": [
                  {
                    "meta": {
                      "name": "Checkbox"
                    },
                    "position": {
                      "basis": "800px"
                    },
                    "propConfig": {
                      "props.selected": {
                        "binding": {
                          "config": {
                            "bidirectional": true,
                            "path": "...../Vessel Container/Vessel.props.value.displayValueAsPercent"
                          },
                          "type": "property"
                        }
                      }
                    },
                    "props": {
                      "text": "Display Value as Percent"
                    },
                    "type": "ia.input.checkbox"
                  }
                ],
                "meta": {
                  "name": "Display Value As Percent"
                },
                "position": {
                  "basis": "30px",
                  "shrink": 0
                },
                "props": {
                  "style": {
                    "alignSelf": "stretch",
                    "classes": "components/row-label",
                    "overflow": "visible"
                  }
                },
                "type": "ia.container.flex"
              },
              {
                "children": [
                  {
                    "meta": {
                      "name": "Label"
                    },
                    "position": {
                      "basis": "50px",
                      "shrink": 0
                    },
                    "props": {
                      "text": "Value"
                    },
                    "type": "ia.display.label"
                  },
                  {
                    "meta": {
                      "name": "Slider"
                    },
                    "position": {
                      "basis": "200px",
                      "grow": 1,
                      "shrink": 0
                    },
                    "propConfig": {
                      "props.max": {
                        "binding": {
                          "config": {
                            "path": ".../Capacity/Numeric Entry Field.props.value"
                          },
                          "type": "property"
                        }
                      },
                      "props.value": {
                        "binding": {
                          "config": {
                            "bidirectional": true,
                            "path": "../Numeric Entry Field.props.value"
                          },
                          "type": "property"
                        }
                      }
                    },
                    "props": {
                      "labels": {
                        "interval": 1
                      },
                      "style": {
                        "classes": "components/row-label",
                        "marginLeft": "10px",
                        "marginRight": "10px",
                        "maxWidth": "900px"
                      }
                    },
                    "type": "ia.input.slider"
                  },
                  {
                    "meta": {
                      "name": "Numeric Entry Field"
                    },
                    "position": {
                      "basis": "50px",
                      "shrink": 0
                    },
                    "propConfig": {
                      "props.value": {
                        "binding": {
                          "config": {
                            "bidirectional": true,
                            "path": "...../Vessel Container/Vessel.props.value.value"
                          },
                          "type": "property"
                        }
                      }
                    },
                    "props": {
                      "align": "left"
                    },
                    "type": "ia.input.numeric-entry-field"
                  }
                ],
                "meta": {
                  "name": "Value"
                },
                "position": {
                  "basis": "30px",
                  "shrink": 0
                },
                "props": {
                  "style": {
                    "alignSelf": "stretch",
                    "classes": "components/row-label"
                  }
                },
                "type": "ia.container.flex"
              },
              {
                "children": [
                  {
                    "meta": {
                      "name": "Label"
                    },
                    "position": {
                      "basis": "200px"
                    },
                    "props": {
                      "text": "Capacity"
                    },
                    "type": "ia.display.label"
                  },
                  {
                    "meta": {
                      "name": "Numeric Entry Field"
                    },
                    "position": {
                      "basis": "200px"
                    },
                    "propConfig": {
                      "props.value": {
                        "binding": {
                          "config": {
                            "bidirectional": true,
                            "path": "...../Vessel Container/Vessel.props.value.capacity"
                          },
                          "type": "property"
                        }
                      }
                    },
                    "props": {
                      "align": "left"
                    },
                    "type": "ia.input.numeric-entry-field"
                  }
                ],
                "meta": {
                  "name": "Capacity"
                },
                "position": {
                  "basis": "30px",
                  "shrink": 0
                },
                "props": {
                  "style": {
                    "alignSelf": "stretch",
                    "classes": "components/row-label"
                  }
                },
                "type": "ia.container.flex"
              },
              {
                "children": [
                  {
                    "meta": {
                      "name": "Label"
                    },
                    "position": {
                      "basis": "200px"
                    },
                    "props": {
                      "text": "Location"
                    },
                    "type": "ia.display.label"
                  },
                  {
                    "meta": {
                      "name": "Dropdown"
                    },
                    "position": {
                      "basis": "200px"
                    },
                    "propConfig": {
                      "props.value": {
                        "binding": {
                          "config": {
                            "bidirectional": true,
                            "path": "...../Vessel Container/Vessel.props.value.location"
                          },
                          "type": "property"
                        }
                      }
                    },
                    "props": {
                      "options": [
                        {
                          "label": "Top",
                          "value": "top"
                        },
                        {
                          "label": "Bottom",
                          "value": "bottom"
                        },
                        {
                          "label": "Left",
                          "value": "left"
                        },
                        {
                          "label": "Right",
                          "value": "right"
                        },
                        {
                          "label": "Hidden",
                          "value": "hidden"
                        }
                      ]
                    },
                    "type": "ia.input.dropdown"
                  }
                ],
                "meta": {
                  "name": "Orientation"
                },
                "position": {
                  "basis": "30px",
                  "shrink": 0
                },
                "props": {
                  "style": {
                    "alignSelf": "stretch",
                    "classes": "components/row-label"
                  }
                },
                "type": "ia.container.flex"
              },
              {
                "children": [
                  {
                    "meta": {
                      "name": "Label"
                    },
                    "position": {
                      "basis": "200px"
                    },
                    "props": {
                      "text": "Justify"
                    },
                    "type": "ia.display.label"
                  },
                  {
                    "meta": {
                      "name": "Dropdown"
                    },
                    "position": {
                      "basis": "200px"
                    },
                    "propConfig": {
                      "props.value": {
                        "binding": {
                          "config": {
                            "bidirectional": true,
                            "path": "...../Vessel Container/Vessel.props.value.justify"
                          },
                          "type": "property"
                        }
                      }
                    },
                    "props": {
                      "options": [
                        {
                          "label": "Left",
                          "value": "left"
                        },
                        {
                          "label": "Center",
                          "value": "center"
                        },
                        {
                          "label": "Right",
                          "value": "right"
                        }
                      ]
                    },
                    "type": "ia.input.dropdown"
                  }
                ],
                "meta": {
                  "name": "Justify"
                },
                "position": {
                  "basis": "30px",
                  "shrink": 0
                },
                "props": {
                  "style": {
                    "alignSelf": "stretch",
                    "classes": "components/row-label"
                  }
                },
                "type": "ia.container.flex"
              }
            ],
            "meta": {
              "name": "Border"
            },
            "position": {
              "basis": "400px"
            },
            "props": {
              "direction": "column",
              "style": {
                "borderStyle": "solid",
                "borderWidth": "2px",
                "padding": "10px"
              }
            },
            "type": "ia.container.flex"
          }
        ],
        "meta": {
          "name": "Value Props"
        },
        "position": {
          "basis": "210px",
          "shrink": 0
        },
        "props": {
          "justify": "center",
          "style": {
            "marginBottom": "20px"
          }
        },
        "type": "ia.container.flex"
      }
    ],
    "meta": {
      "name": "root"
    },
    "props": {
      "direction": "column"
    },
    "type": "ia.container.flex"
  }
}