{
  "custom": {},
  "params": {},
  "props": {},
  "root": {
    "children": [
      {
        "meta": {
          "name": "Title"
        },
        "position": {
          "basis": "56px",
          "shrink": 0
        },
        "props": {
          "style": {
            "classes": "framework/hyperlink framework/page-title"
          },
          "target": "tab",
          "text": "Icon",
          "url": "https://links.inductiveautomation.com/81-perspective-comp-icon"
        },
        "type": "ia.navigation.link"
      },
      {
        "meta": {
          "name": "Markdown"
        },
        "position": {
          "basis": "200px"
        },
        "props": {
          "markdown": {
            "escapeHtml": false
          },
          "source": "\u003cp\u003eThe Icon is an image path commonly used to augment a label or text property of a component by placing an image next to it.\u003c/p\u003e\u003cbr\u003e\n\n\u003cp\u003eThe \u003ca style\u003d\"color:var(--callToAction);text-decoration:none;\" href\u003d\"https://material.io/resources/icons/\" target\u003d\"_blank\" rel\u003d\"noopener noreferrer\"\u003ematerials icon library\u003c/a\u003e\n is a primary source for icons.  You can also add your own custom repository of icons. For more information, see Images, SVGs, and Icons in Perspective.\u003c/p\u003e"
        },
        "type": "ia.display.markdown"
      },
      {
        "children": [
          {
            "children": [
              {
                "meta": {
                  "name": "Icon"
                },
                "position": {
                  "basis": "75px"
                },
                "props": {
                  "color": "#229EF3",
                  "path": "material/cloud_download",
                  "style": {
                    "marginBottom": "32px"
                  }
                },
                "type": "ia.display.icon"
              },
              {
                "meta": {
                  "name": "Arrow"
                },
                "position": {
                  "basis": "35px"
                },
                "props": {
                  "path": "material/arrow_upward"
                },
                "type": "ia.display.icon"
              },
              {
                "meta": {
                  "name": "Help Text"
                },
                "position": {
                  "basis": "87px"
                },
                "props": {
                  "alignVertical": "top",
                  "style": {
                    "textAlign": "center"
                  },
                  "text": "The Icon fill color can be customized by altering the color property."
                },
                "type": "ia.display.label"
              }
            ],
            "meta": {
              "name": "Component Instance 1"
            },
            "position": {
              "basis": "200px"
            },
            "props": {
              "direction": "column",
              "style": {
                "classes": "components/component-instance"
              }
            },
            "type": "ia.container.flex"
          },
          {
            "children": [
              {
                "meta": {
                  "name": "Icon"
                },
                "position": {
                  "basis": "75px"
                },
                "props": {
                  "path": "material/trending_up",
                  "style": {
                    "marginBottom": "32px"
                  }
                },
                "type": "ia.display.icon"
              },
              {
                "meta": {
                  "name": "Arrow"
                },
                "position": {
                  "basis": "35px"
                },
                "props": {
                  "path": "material/arrow_upward"
                },
                "type": "ia.display.icon"
              },
              {
                "meta": {
                  "name": "Help Text"
                },
                "position": {
                  "basis": "87px"
                },
                "props": {
                  "alignVertical": "top",
                  "style": {
                    "textAlign": "center"
                  },
                  "text": "The Icon component can display different icons by changing the path property. The path property expects a String type value. This Icon component\u0027s path property is set to \"material/trending_up\"."
                },
                "type": "ia.display.label"
              }
            ],
            "meta": {
              "name": "Component Instance 2"
            },
            "position": {
              "basis": "200px"
            },
            "props": {
              "direction": "column",
              "style": {
                "classes": "components/component-instance",
                "overflow": "visible",
                "paddingBottom": "150px"
              }
            },
            "type": "ia.container.flex"
          },
          {
            "children": [
              {
                "meta": {
                  "name": "Icon"
                },
                "position": {
                  "basis": "59px"
                },
                "props": {
                  "path": "material/insert_emoticon",
                  "style": {
                    "marginBottom": "48px"
                  }
                },
                "type": "ia.display.icon"
              },
              {
                "meta": {
                  "name": "Arrow"
                },
                "position": {
                  "basis": "35px"
                },
                "props": {
                  "path": "material/arrow_upward"
                },
                "type": "ia.display.icon"
              },
              {
                "meta": {
                  "name": "Help Text"
                },
                "position": {
                  "basis": "87px"
                },
                "props": {
                  "alignVertical": "top",
                  "style": {
                    "textAlign": "center"
                  },
                  "text": "Ignition has hundreds of built-in icons that can be used to depict many different scenarios and options to end users. "
                },
                "type": "ia.display.label"
              }
            ],
            "meta": {
              "name": "Component Instance 3"
            },
            "position": {
              "basis": "200px"
            },
            "props": {
              "direction": "column",
              "style": {
                "classes": "components/component-instance",
                "overflow": "visible"
              }
            },
            "type": "ia.container.flex"
          }
        ],
        "meta": {
          "name": "Flex Container"
        },
        "position": {
          "basis": "200px",
          "grow": 1
        },
        "props": {
          "justify": "space-evenly",
          "wrap": "wrap"
        },
        "type": "ia.container.flex"
      }
    ],
    "meta": {
      "name": "root"
    },
    "props": {
      "direction": "column",
      "justify": "space-evenly"
    },
    "type": "ia.container.flex"
  }
}