{
  "custom": {},
  "params": {},
  "props": {
    "defaultSize": {
      "height": 811,
      "width": 728
    }
  },
  "root": {
    "children": [
      {
        "meta": {
          "name": "Title"
        },
        "position": {
          "basis": "56px",
          "shrink": 0
        },
        "props": {
          "style": {
            "classes": "framework/hyperlink framework/page-title"
          },
          "target": "tab",
          "text": "Numeric Entry Field",
          "url": "https://links.inductiveautomation.com/81-perspective-comp-numeric-entry-field"
        },
        "type": "ia.navigation.link"
      },
      {
        "meta": {
          "name": "Description"
        },
        "position": {
          "shrink": 0
        },
        "props": {
          "source": "The Numeric Entry Field is similar to the standard Text Field, except that it is specialized for use with numbers. There are three different modes for how users can edit the value in the component: direct, protected, or by clicking an edit button. To change the value, click once in the field for \u0027direct\u0027 mode, double click for \u0027protected\u0027 mode, and click on the Edit icon for the \u0027button\u0027 mode. When done, press enter or click outside the field, and the field will save that value. When the \u0027enabled\u0027 property is false, the field is not editable even when it receives input focus.\nA minimum and maximum range can be set on the component, as well as tooltip and placeholder text. The format of the value that is displayed to the user can also be configured."
        },
        "type": "ia.display.markdown"
      },
      {
        "children": [
          {
            "children": [
              {
                "meta": {
                  "name": "Label"
                },
                "position": {
                  "basis": "50px",
                  "shrink": 0
                },
                "props": {
                  "style": {
                    "textAlign": "center"
                  },
                  "text": "Direct:"
                },
                "type": "ia.display.label"
              },
              {
                "meta": {
                  "name": "Numeric Entry Field"
                },
                "position": {
                  "shrink": 0
                },
                "props": {
                  "placeholder": "Input a number...",
                  "tooltipText": "Tooltip can be included!",
                  "value": 123.45
                },
                "type": "ia.input.numeric-entry-field"
              }
            ],
            "meta": {
              "name": "Direct"
            },
            "position": {
              "basis": "200px",
              "shrink": 0
            },
            "props": {
              "alignContent": "flex-start",
              "direction": "column",
              "style": {
                "overflow": "visible"
              }
            },
            "type": "ia.container.flex"
          },
          {
            "children": [
              {
                "meta": {
                  "name": "Label"
                },
                "position": {
                  "basis": "50px",
                  "shrink": 0
                },
                "props": {
                  "style": {
                    "textAlign": "center"
                  },
                  "text": "Protected:"
                },
                "type": "ia.display.label"
              },
              {
                "meta": {
                  "name": "Numeric Entry Field"
                },
                "position": {
                  "shrink": 0
                },
                "props": {
                  "mode": "protected",
                  "value": 123.45
                },
                "type": "ia.input.numeric-entry-field"
              }
            ],
            "meta": {
              "name": "Protected"
            },
            "position": {
              "basis": "200px",
              "shrink": 0
            },
            "props": {
              "alignContent": "flex-start",
              "direction": "column",
              "style": {
                "overflow": "visible"
              }
            },
            "type": "ia.container.flex"
          },
          {
            "children": [
              {
                "meta": {
                  "name": "Label"
                },
                "position": {
                  "basis": "50px",
                  "shrink": 0
                },
                "props": {
                  "style": {
                    "textAlign": "center"
                  },
                  "text": "Button:"
                },
                "type": "ia.display.label"
              },
              {
                "meta": {
                  "name": "Numeric Entry Field"
                },
                "position": {
                  "shrink": 0
                },
                "props": {
                  "mode": "button",
                  "value": 123.45
                },
                "type": "ia.input.numeric-entry-field"
              }
            ],
            "meta": {
              "name": "Button"
            },
            "position": {
              "basis": "200px",
              "shrink": 0
            },
            "props": {
              "alignContent": "flex-start",
              "direction": "column",
              "style": {
                "overflow": "visible"
              }
            },
            "type": "ia.container.flex"
          },
          {
            "children": [
              {
                "meta": {
                  "name": "Label"
                },
                "position": {
                  "basis": "50px",
                  "shrink": 0
                },
                "props": {
                  "style": {
                    "textAlign": "center"
                  },
                  "text": "Disabled:"
                },
                "type": "ia.display.label"
              },
              {
                "meta": {
                  "name": "Numeric Entry Field"
                },
                "position": {
                  "shrink": 0
                },
                "props": {
                  "enabled": false,
                  "mode": "button",
                  "value": 123.45
                },
                "type": "ia.input.numeric-entry-field"
              }
            ],
            "meta": {
              "name": "Disabled"
            },
            "position": {
              "basis": "200px",
              "shrink": 0
            },
            "props": {
              "alignContent": "flex-start",
              "direction": "column",
              "style": {
                "overflow": "visible"
              }
            },
            "type": "ia.container.flex"
          },
          {
            "children": [
              {
                "meta": {
                  "name": "Label"
                },
                "position": {
                  "basis": "50px",
                  "shrink": 0
                },
                "props": {
                  "style": {
                    "textAlign": "center"
                  },
                  "text": "Limited [50 - 150]:"
                },
                "type": "ia.display.label"
              },
              {
                "meta": {
                  "name": "Numeric Entry Field"
                },
                "position": {
                  "shrink": 0
                },
                "props": {
                  "inputBounds": {
                    "invalidStyle": {
                      "backgroundColor": "#FFA7A7"
                    },
                    "maximum": 150,
                    "minimum": 50
                  },
                  "value": 150
                },
                "type": "ia.input.numeric-entry-field"
              }
            ],
            "meta": {
              "name": "Limited"
            },
            "position": {
              "basis": "200px",
              "shrink": 0
            },
            "props": {
              "alignContent": "flex-start",
              "direction": "column",
              "style": {
                "overflow": "visible"
              }
            },
            "type": "ia.container.flex"
          }
        ],
        "meta": {
          "name": "Examples"
        },
        "position": {
          "basis": "200px",
          "grow": 1,
          "shrink": 0
        },
        "props": {
          "alignContent": "flex-start",
          "alignItems": "flex-start",
          "justify": "space-evenly",
          "style": {
            "overflow": "visible",
            "padding": "10px"
          },
          "wrap": "wrap"
        },
        "type": "ia.container.flex"
      }
    ],
    "meta": {
      "name": "root"
    },
    "props": {
      "direction": "column"
    },
    "type": "ia.container.flex"
  }
}