{
  "custom": {},
  "params": {},
  "props": {},
  "root": {
    "children": [
      {
        "meta": {
          "name": "Nav Bottom"
        },
        "props": {
          "params": {
            "order-component": 1,
            "order-kpi": 0,
            "order-nav": 2,
            "wrap-kpi": "wrap"
          },
          "path": "Layouts/Grid/Content"
        },
        "type": "ia.display.view"
      },
      {
        "meta": {
          "name": "Nav Top"
        },
        "position": {
          "size": "large"
        },
        "props": {
          "params": {
            "order-component": 2,
            "order-kpi": 1,
            "order-nav": 0,
            "wrap-kpi": "no-wrap"
          },
          "path": "Layouts/Grid/Content"
        },
        "type": "ia.display.view"
      }
    ],
    "meta": {
      "name": "root"
    },
    "props": {
      "breakpoint": 1000
    },
    "type": "ia.container.breakpt"
  }
}